Symbol	DTE	Expiration
Date	Strike	Future Price	Straddle Price	Volatility	Open Interest
Settle	Prior	Chg	Settle	Prior	Chg	Settle	Prior	Chg	Call	Call Chg	Put	Put Chg
YM1Q6	9	07/08/2026	51800	51765	52944	-1179	1135	1538	-403	17.63	17.65	-0.01	0	0	0	0
YM2Q6	16	14/08/2026	51800	51765	52944	-1179	1427	1758	-331	16.58	16.59	0.00	0	0	0	0
YM3Q6	23	21/08/2026	51800	51765	52944	-1179	1643	1935	-292	15.92	15.92	0.00	0	0	4	1
YMU6	51	18/09/2026	51800	51765	52944	-1179	2314	2535	-221	15.11	15.12	0.00	0	0	0	0
YM3V6	79	16/10/2026	52200	52165	53360	-1195	2931	3123	-192	15.26	15.27	-0.01	0	0	0	0
YMZ6	142	18/12/2026	52000	52165	53360	-1195	4021	4218	-197	15.75	15.75	0.00	0	0	1	0
YMH7	233	19/03/2027	53000	52690	53869	-1179	5127	5233	-106	15.59	15.59	0.00	0	0	0	0
YMM7	323	17/06/2027	53000	53201	54357	-1156	6276	6438	-162	16.31	16.29	0.02	0	0	0	0
