window_start,window_end,sl_pips,tp_r,n,win_rate,sl_rate,timeout_rate,avg_r,expectancy_pips
2021-07-18,2022-01-18,20.0,1.0,1622,0.445,0.445,0.111,0.0,0.0
2021-07-18,2022-01-18,20.0,1.5,1622,0.263,0.501,0.236,-0.052,-1.04
2021-07-18,2022-01-18,20.0,2.0,1622,0.139,0.513,0.348,-0.089,-1.77
2021-07-18,2022-01-18,20.0,3.0,1622,0.051,0.513,0.436,-0.076,-1.51
2021-07-18,2022-01-18,20.0,4.0,1622,0.028,0.513,0.459,-0.051,-1.02
2021-07-18,2022-01-18,40.0,1.0,1622,0.155,0.155,0.691,0.0,0.0
2021-07-18,2022-01-18,40.0,1.5,1622,0.058,0.155,0.787,0.009,0.36
2021-07-18,2022-01-18,40.0,2.0,1622,0.035,0.155,0.811,0.024,0.98
2021-07-18,2022-01-18,40.0,3.0,1622,0.019,0.155,0.826,0.037,1.46
2021-07-18,2022-01-18,40.0,4.0,1622,0.0,0.155,0.845,0.011,0.45
2021-07-18,2022-01-18,60.0,1.0,1622,0.058,0.058,0.884,0.0,0.0
2021-07-18,2022-01-18,60.0,1.5,1622,0.025,0.058,0.917,0.01,0.59
2021-07-18,2022-01-18,60.0,2.0,1622,0.019,0.058,0.923,0.018,1.1
2021-07-18,2022-01-18,60.0,3.0,1622,0.0,0.058,0.942,0.001,0.09
2021-07-18,2022-01-18,60.0,4.0,1622,0.0,0.058,0.942,0.001,0.09
2021-07-18,2022-01-18,80.0,1.0,1622,0.035,0.035,0.931,0.0,0.0
2021-07-18,2022-01-18,80.0,1.5,1622,0.019,0.035,0.946,0.006,0.49
2021-07-18,2022-01-18,80.0,2.0,1622,0.0,0.035,0.965,-0.007,-0.53
2021-07-18,2022-01-18,80.0,3.0,1622,0.0,0.035,0.965,-0.007,-0.53
2021-07-18,2022-01-18,80.0,4.0,1622,0.0,0.035,0.965,-0.007,-0.53
2021-07-18,2022-01-18,100.0,1.0,1622,0.02,0.02,0.961,0.0,0.0
2021-07-18,2022-01-18,100.0,1.5,1622,0.0,0.02,0.98,-0.006,-0.64
2021-07-18,2022-01-18,100.0,2.0,1622,0.0,0.02,0.98,-0.006,-0.64
2021-07-18,2022-01-18,100.0,3.0,1622,0.0,0.02,0.98,-0.006,-0.64
2021-07-18,2022-01-18,100.0,4.0,1622,0.0,0.02,0.98,-0.006,-0.64
2021-07-18,2022-01-18,150.0,1.0,1622,0.0,0.0,1.0,0.0,0.0
2021-07-18,2022-01-18,150.0,1.5,1622,0.0,0.0,1.0,0.0,0.0
2021-07-18,2022-01-18,150.0,2.0,1622,0.0,0.0,1.0,0.0,0.0
2021-07-18,2022-01-18,150.0,3.0,1622,0.0,0.0,1.0,0.0,0.0
2021-07-18,2022-01-18,150.0,4.0,1622,0.0,0.0,1.0,0.0,0.0
2022-01-18,2022-07-18,20.0,1.0,1590,0.486,0.486,0.029,0.0,0.0
2022-01-18,2022-07-18,20.0,1.5,1590,0.347,0.557,0.097,0.008,0.16
2022-01-18,2022-07-18,20.0,2.0,1590,0.265,0.586,0.149,0.037,0.75
2022-01-18,2022-07-18,20.0,3.0,1590,0.143,0.596,0.262,0.111,2.21
2022-01-18,2022-07-18,20.0,4.0,1590,0.057,0.606,0.338,0.075,1.49
2022-01-18,2022-07-18,40.0,1.0,1590,0.309,0.309,0.382,0.0,0.0
2022-01-18,2022-07-18,40.0,1.5,1590,0.153,0.31,0.537,0.035,1.38
2022-01-18,2022-07-18,40.0,2.0,1590,0.063,0.312,0.625,0.023,0.91
2022-01-18,2022-07-18,40.0,3.0,1590,0.015,0.313,0.672,0.012,0.46
2022-01-18,2022-07-18,40.0,4.0,1590,0.0,0.313,0.687,-0.003,-0.11
2022-01-18,2022-07-18,60.0,1.0,1590,0.153,0.153,0.693,0.0,0.0
2022-01-18,2022-07-18,60.0,1.5,1590,0.036,0.155,0.809,-0.016,-0.97
2022-01-18,2022-07-18,60.0,2.0,1590,0.015,0.155,0.83,-0.016,-0.95
2022-01-18,2022-07-18,60.0,3.0,1590,0.0,0.155,0.845,-0.025,-1.51
2022-01-18,2022-07-18,60.0,4.0,1590,0.0,0.155,0.845,-0.025,-1.51
2022-01-18,2022-07-18,80.0,1.0,1590,0.064,0.064,0.872,0.0,0.0
2022-01-18,2022-07-18,80.0,1.5,1590,0.015,0.064,0.921,-0.006,-0.44
2022-01-18,2022-07-18,80.0,2.0,1590,0.0,0.064,0.936,-0.013,-1.01
2022-01-18,2022-07-18,80.0,3.0,1590,0.0,0.064,0.936,-0.013,-1.01
2022-01-18,2022-07-18,80.0,4.0,1590,0.0,0.064,0.936,-0.013,-1.01
2022-01-18,2022-07-18,100.0,1.0,1590,0.024,0.024,0.952,0.0,0.0
2022-01-18,2022-07-18,100.0,1.5,1590,0.001,0.024,0.975,-0.005,-0.48
2022-01-18,2022-07-18,100.0,2.0,1590,0.0,0.024,0.976,-0.005,-0.51
2022-01-18,2022-07-18,100.0,3.0,1590,0.0,0.024,0.976,-0.005,-0.51
2022-01-18,2022-07-18,100.0,4.0,1590,0.0,0.024,0.976,-0.005,-0.51
2022-01-18,2022-07-18,150.0,1.0,1590,0.001,0.001,0.999,0.0,0.0
2022-01-18,2022-07-18,150.0,1.5,1590,0.0,0.001,0.999,-0.0,-0.03
2022-01-18,2022-07-18,150.0,2.0,1590,0.0,0.001,0.999,-0.0,-0.03
2022-01-18,2022-07-18,150.0,3.0,1590,0.0,0.001,0.999,-0.0,-0.03
2022-01-18,2022-07-18,150.0,4.0,1590,0.0,0.001,0.999,-0.0,-0.03
2022-07-18,2023-01-18,20.0,1.0,1612,0.496,0.496,0.009,0.0,0.0
2022-07-18,2023-01-18,20.0,1.5,1612,0.363,0.552,0.085,0.018,0.36
2022-07-18,2023-01-18,20.0,2.0,1612,0.239,0.568,0.193,0.015,0.31
2022-07-18,2023-01-18,20.0,3.0,1612,0.083,0.568,0.35,0.051,1.02
2022-07-18,2023-01-18,20.0,4.0,1612,0.021,0.568,0.411,0.048,0.97
2022-07-18,2023-01-18,40.0,1.0,1612,0.261,0.261,0.478,0.0,0.0
2022-07-18,2023-01-18,40.0,1.5,1612,0.09,0.261,0.649,0.02,0.8
2022-07-18,2023-01-18,40.0,2.0,1612,0.023,0.261,0.716,0.02,0.79
2022-07-18,2023-01-18,40.0,3.0,1612,0.004,0.261,0.735,0.026,1.06
2022-07-18,2023-01-18,40.0,4.0,1612,0.0,0.261,0.739,0.027,1.08
2022-07-18,2023-01-18,60.0,1.0,1612,0.09,0.09,0.82,0.0,0.0
2022-07-18,2023-01-18,60.0,1.5,1612,0.017,0.09,0.893,0.001,0.09
2022-07-18,2023-01-18,60.0,2.0,1612,0.004,0.09,0.906,0.004,0.26
2022-07-18,2023-01-18,60.0,3.0,1612,0.0,0.09,0.91,0.005,0.28
2022-07-18,2023-01-18,60.0,4.0,1612,0.0,0.09,0.91,0.005,0.28
2022-07-18,2023-01-18,80.0,1.0,1612,0.023,0.023,0.954,0.0,0.0
2022-07-18,2023-01-18,80.0,1.5,1612,0.004,0.023,0.973,0.003,0.27
2022-07-18,2023-01-18,80.0,2.0,1612,0.0,0.023,0.977,0.004,0.28
2022-07-18,2023-01-18,80.0,3.0,1612,0.0,0.023,0.977,0.004,0.28
2022-07-18,2023-01-18,80.0,4.0,1612,0.0,0.023,0.977,0.004,0.28
2022-07-18,2023-01-18,100.0,1.0,1612,0.012,0.012,0.975,0.0,0.0
2022-07-18,2023-01-18,100.0,1.5,1612,0.0,0.012,0.988,0.001,0.07
2022-07-18,2023-01-18,100.0,2.0,1612,0.0,0.012,0.988,0.001,0.07
2022-07-18,2023-01-18,100.0,3.0,1612,0.0,0.012,0.988,0.001,0.07
2022-07-18,2023-01-18,100.0,4.0,1612,0.0,0.012,0.988,0.001,0.07
2022-07-18,2023-01-18,150.0,1.0,1612,0.0,0.0,1.0,0.0,0.0
2022-07-18,2023-01-18,150.0,1.5,1612,0.0,0.0,1.0,0.0,0.0
2022-07-18,2023-01-18,150.0,2.0,1612,0.0,0.0,1.0,0.0,0.0
2022-07-18,2023-01-18,150.0,3.0,1612,0.0,0.0,1.0,0.0,0.0
2022-07-18,2023-01-18,150.0,4.0,1612,0.0,0.0,1.0,0.0,0.0
2023-01-18,2023-07-18,20.0,1.0,1590,0.484,0.484,0.033,0.0,0.0
2023-01-18,2023-07-18,20.0,1.5,1590,0.323,0.544,0.133,-0.034,-0.67
2023-01-18,2023-07-18,20.0,2.0,1590,0.191,0.569,0.241,-0.076,-1.53
2023-01-18,2023-07-18,20.0,3.0,1590,0.074,0.582,0.343,-0.102,-2.04
2023-01-18,2023-07-18,20.0,4.0,1590,0.04,0.582,0.377,-0.084,-1.69
2023-01-18,2023-07-18,40.0,1.0,1590,0.225,0.225,0.551,0.0,0.0
2023-01-18,2023-07-18,40.0,1.5,1590,0.094,0.229,0.677,-0.008,-0.33
2023-01-18,2023-07-18,40.0,2.0,1590,0.042,0.229,0.729,-0.002,-0.07
2023-01-18,2023-07-18,40.0,3.0,1590,0.006,0.229,0.765,-0.009,-0.36
2023-01-18,2023-07-18,40.0,4.0,1590,0.0,0.229,0.771,-0.011,-0.45
2023-01-18,2023-07-18,60.0,1.0,1590,0.094,0.094,0.811,0.0,0.0
2023-01-18,2023-07-18,60.0,1.5,1590,0.028,0.094,0.877,0.002,0.15
2023-01-18,2023-07-18,60.0,2.0,1590,0.006,0.094,0.899,-0.0,-0.03
2023-01-18,2023-07-18,60.0,3.0,1590,0.0,0.094,0.906,-0.002,-0.11
2023-01-18,2023-07-18,60.0,4.0,1590,0.0,0.094,0.906,-0.002,-0.11
2023-01-18,2023-07-18,80.0,1.0,1590,0.042,0.042,0.916,0.0,0.0
2023-01-18,2023-07-18,80.0,1.5,1590,0.006,0.042,0.952,-0.004,-0.29
2023-01-18,2023-07-18,80.0,2.0,1590,0.0,0.042,0.958,-0.005,-0.38
2023-01-18,2023-07-18,80.0,3.0,1590,0.0,0.042,0.958,-0.005,-0.38
2023-01-18,2023-07-18,80.0,4.0,1590,0.0,0.042,0.958,-0.005,-0.38
2023-01-18,2023-07-18,100.0,1.0,1590,0.02,0.02,0.96,0.0,0.0
2023-01-18,2023-07-18,100.0,1.5,1590,0.0,0.02,0.98,-0.003,-0.26
2023-01-18,2023-07-18,100.0,2.0,1590,0.0,0.02,0.98,-0.003,-0.26
2023-01-18,2023-07-18,100.0,3.0,1590,0.0,0.02,0.98,-0.003,-0.26
2023-01-18,2023-07-18,100.0,4.0,1590,0.0,0.02,0.98,-0.003,-0.26
2023-01-18,2023-07-18,150.0,1.0,1590,0.0,0.0,1.0,0.0,0.0
2023-01-18,2023-07-18,150.0,1.5,1590,0.0,0.0,1.0,0.0,0.0
2023-01-18,2023-07-18,150.0,2.0,1590,0.0,0.0,1.0,0.0,0.0
2023-01-18,2023-07-18,150.0,3.0,1590,0.0,0.0,1.0,0.0,0.0
2023-01-18,2023-07-18,150.0,4.0,1590,0.0,0.0,1.0,0.0,0.0
2023-07-18,2024-01-18,20.0,1.0,1612,0.475,0.475,0.05,0.0,0.0
2023-07-18,2024-01-18,20.0,1.5,1612,0.318,0.509,0.173,0.037,0.73
2023-07-18,2024-01-18,20.0,2.0,1612,0.211,0.516,0.273,0.075,1.51
2023-07-18,2024-01-18,20.0,3.0,1612,0.088,0.516,0.396,0.136,2.72
2023-07-18,2024-01-18,20.0,4.0,1612,0.052,0.517,0.431,0.177,3.54
2023-07-18,2024-01-18,40.0,1.0,1612,0.217,0.217,0.567,0.0,0.0
2023-07-18,2024-01-18,40.0,1.5,1612,0.089,0.217,0.695,0.029,1.17
2023-07-18,2024-01-18,40.0,2.0,1612,0.052,0.217,0.731,0.049,1.96
2023-07-18,2024-01-18,40.0,3.0,1612,0.008,0.219,0.773,0.029,1.16
2023-07-18,2024-01-18,40.0,4.0,1612,0.0,0.219,0.781,0.014,0.57
2023-07-18,2024-01-18,60.0,1.0,1612,0.089,0.089,0.823,0.0,0.0
2023-07-18,2024-01-18,60.0,1.5,1612,0.033,0.09,0.877,0.015,0.93
2023-07-18,2024-01-18,60.0,2.0,1612,0.008,0.09,0.902,-0.001,-0.04
2023-07-18,2024-01-18,60.0,3.0,1612,0.0,0.09,0.91,-0.01,-0.63
2023-07-18,2024-01-18,60.0,4.0,1612,0.0,0.09,0.91,-0.01,-0.63
2023-07-18,2024-01-18,80.0,1.0,1612,0.052,0.052,0.896,0.0,0.0
2023-07-18,2024-01-18,80.0,1.5,1612,0.008,0.052,0.94,-0.01,-0.82
2023-07-18,2024-01-18,80.0,2.0,1612,0.0,0.052,0.948,-0.018,-1.41
2023-07-18,2024-01-18,80.0,3.0,1612,0.0,0.052,0.948,-0.018,-1.41
2023-07-18,2024-01-18,80.0,4.0,1612,0.0,0.052,0.948,-0.018,-1.41
2023-07-18,2024-01-18,100.0,1.0,1612,0.026,0.026,0.948,0.0,0.0
2023-07-18,2024-01-18,100.0,1.5,1612,0.001,0.026,0.973,-0.017,-1.69
2023-07-18,2024-01-18,100.0,2.0,1612,0.0,0.026,0.974,-0.017,-1.73
2023-07-18,2024-01-18,100.0,3.0,1612,0.0,0.026,0.974,-0.017,-1.73
2023-07-18,2024-01-18,100.0,4.0,1612,0.0,0.026,0.974,-0.017,-1.73
2023-07-18,2024-01-18,150.0,1.0,1612,0.001,0.001,0.999,0.0,0.0
2023-07-18,2024-01-18,150.0,1.5,1612,0.0,0.001,0.999,-0.0,-0.04
2023-07-18,2024-01-18,150.0,2.0,1612,0.0,0.001,0.999,-0.0,-0.04
2023-07-18,2024-01-18,150.0,3.0,1612,0.0,0.001,0.999,-0.0,-0.04
2023-07-18,2024-01-18,150.0,4.0,1612,0.0,0.001,0.999,-0.0,-0.04
2024-01-18,2024-07-18,20.0,1.0,1602,0.477,0.477,0.046,0.0,0.0
2024-01-18,2024-07-18,20.0,1.5,1602,0.378,0.542,0.08,0.04,0.79
2024-01-18,2024-07-18,20.0,2.0,1602,0.285,0.576,0.14,0.047,0.94
2024-01-18,2024-07-18,20.0,3.0,1602,0.186,0.591,0.223,0.119,2.38
2024-01-18,2024-07-18,20.0,4.0,1602,0.108,0.604,0.288,0.099,1.97
2024-01-18,2024-07-18,40.0,1.0,1602,0.352,0.352,0.296,0.0,0.0
2024-01-18,2024-07-18,40.0,1.5,1602,0.228,0.37,0.403,0.033,1.33
2024-01-18,2024-07-18,40.0,2.0,1602,0.131,0.376,0.493,0.023,0.91
2024-01-18,2024-07-18,40.0,3.0,1602,0.014,0.376,0.61,0.019,0.75
2024-01-18,2024-07-18,40.0,4.0,1602,0.0,0.376,0.624,0.016,0.66
2024-01-18,2024-07-18,60.0,1.0,1602,0.233,0.233,0.534,0.0,0.0
2024-01-18,2024-07-18,60.0,1.5,1602,0.098,0.233,0.669,-0.004,-0.22
2024-01-18,2024-07-18,60.0,2.0,1602,0.014,0.233,0.753,-0.011,-0.65
2024-01-18,2024-07-18,60.0,3.0,1602,0.0,0.233,0.767,-0.012,-0.74
2024-01-18,2024-07-18,60.0,4.0,1602,0.0,0.233,0.767,-0.012,-0.74
2024-01-18,2024-07-18,80.0,1.0,1602,0.134,0.134,0.732,0.0,0.0
2024-01-18,2024-07-18,80.0,1.5,1602,0.014,0.134,0.852,-0.003,-0.23
2024-01-18,2024-07-18,80.0,2.0,1602,0.0,0.134,0.866,-0.004,-0.33
2024-01-18,2024-07-18,80.0,3.0,1602,0.0,0.134,0.866,-0.004,-0.33
2024-01-18,2024-07-18,80.0,4.0,1602,0.0,0.134,0.866,-0.004,-0.33
2024-01-18,2024-07-18,100.0,1.0,1602,0.065,0.065,0.87,0.0,0.0
2024-01-18,2024-07-18,100.0,1.5,1602,0.0,0.065,0.935,-0.004,-0.35
2024-01-18,2024-07-18,100.0,2.0,1602,0.0,0.065,0.935,-0.004,-0.35
2024-01-18,2024-07-18,100.0,3.0,1602,0.0,0.065,0.935,-0.004,-0.35
2024-01-18,2024-07-18,100.0,4.0,1602,0.0,0.065,0.935,-0.004,-0.35
2024-01-18,2024-07-18,150.0,1.0,1602,0.0,0.0,1.0,0.0,0.0
2024-01-18,2024-07-18,150.0,1.5,1602,0.0,0.0,1.0,0.0,0.0
2024-01-18,2024-07-18,150.0,2.0,1602,0.0,0.0,1.0,0.0,0.0
2024-01-18,2024-07-18,150.0,3.0,1602,0.0,0.0,1.0,0.0,0.0
2024-01-18,2024-07-18,150.0,4.0,1602,0.0,0.0,1.0,0.0,0.0
2024-07-18,2025-01-18,20.0,1.0,1602,0.498,0.498,0.004,0.0,0.0
2024-07-18,2025-01-18,20.0,1.5,1602,0.382,0.601,0.017,-0.02,-0.4
2024-07-18,2025-01-18,20.0,2.0,1602,0.297,0.658,0.046,-0.034,-0.68
2024-07-18,2025-01-18,20.0,3.0,1602,0.195,0.674,0.131,0.039,0.78
2024-07-18,2025-01-18,20.0,4.0,1602,0.12,0.684,0.197,0.066,1.32
2024-07-18,2025-01-18,40.0,1.0,1602,0.391,0.391,0.217,0.0,0.0
2024-07-18,2025-01-18,40.0,1.5,1602,0.247,0.403,0.35,0.046,1.84
2024-07-18,2025-01-18,40.0,2.0,1602,0.137,0.413,0.45,0.051,2.05
2024-07-18,2025-01-18,40.0,3.0,1602,0.032,0.413,0.556,0.03,1.18
2024-07-18,2025-01-18,40.0,4.0,1602,0.001,0.413,0.586,0.026,1.03
2024-07-18,2025-01-18,60.0,1.0,1602,0.253,0.253,0.493,0.0,0.0
2024-07-18,2025-01-18,60.0,1.5,1602,0.093,0.253,0.654,-0.002,-0.11
2024-07-18,2025-01-18,60.0,2.0,1602,0.033,0.253,0.713,-0.008,-0.46
2024-07-18,2025-01-18,60.0,3.0,1602,0.0,0.253,0.747,-0.011,-0.68
2024-07-18,2025-01-18,60.0,4.0,1602,0.0,0.253,0.747,-0.011,-0.68
2024-07-18,2025-01-18,80.0,1.0,1602,0.14,0.14,0.719,0.0,0.0
2024-07-18,2025-01-18,80.0,1.5,1602,0.033,0.14,0.826,-0.01,-0.77
2024-07-18,2025-01-18,80.0,2.0,1602,0.001,0.14,0.858,-0.012,-0.95
2024-07-18,2025-01-18,80.0,3.0,1602,0.0,0.14,0.86,-0.012,-0.98
2024-07-18,2025-01-18,80.0,4.0,1602,0.0,0.14,0.86,-0.012,-0.98
2024-07-18,2025-01-18,100.0,1.0,1602,0.052,0.052,0.895,0.0,0.0
2024-07-18,2025-01-18,100.0,1.5,1602,0.009,0.052,0.938,0.002,0.21
2024-07-18,2025-01-18,100.0,2.0,1602,0.0,0.052,0.948,-0.0,-0.02
2024-07-18,2025-01-18,100.0,3.0,1602,0.0,0.052,0.948,-0.0,-0.02
2024-07-18,2025-01-18,100.0,4.0,1602,0.0,0.052,0.948,-0.0,-0.02
2024-07-18,2025-01-18,150.0,1.0,1602,0.009,0.009,0.981,0.0,0.0
2024-07-18,2025-01-18,150.0,1.5,1602,0.0,0.009,0.991,-0.002,-0.23
2024-07-18,2025-01-18,150.0,2.0,1602,0.0,0.009,0.991,-0.002,-0.23
2024-07-18,2025-01-18,150.0,3.0,1602,0.0,0.009,0.991,-0.002,-0.23
2024-07-18,2025-01-18,150.0,4.0,1602,0.0,0.009,0.991,-0.002,-0.23
2025-01-18,2025-07-18,20.0,1.0,1598,0.5,0.5,0.0,0.0,0.0
2025-01-18,2025-07-18,20.0,1.5,1598,0.401,0.599,0.0,0.003,0.06
2025-01-18,2025-07-18,20.0,2.0,1598,0.329,0.665,0.006,-0.005,-0.1
2025-01-18,2025-07-18,20.0,3.0,1598,0.24,0.726,0.034,0.025,0.49
2025-01-18,2025-07-18,20.0,4.0,1598,0.177,0.751,0.072,0.059,1.18
2025-01-18,2025-07-18,40.0,1.0,1598,0.477,0.477,0.045,0.0,0.0
2025-01-18,2025-07-18,40.0,1.5,1598,0.35,0.533,0.117,0.018,0.73
2025-01-18,2025-07-18,40.0,2.0,1598,0.262,0.559,0.18,0.045,1.82
2025-01-18,2025-07-18,40.0,3.0,1598,0.119,0.576,0.305,0.024,0.97
2025-01-18,2025-07-18,40.0,4.0,1598,0.059,0.584,0.356,0.018,0.73
2025-01-18,2025-07-18,60.0,1.0,1598,0.392,0.392,0.217,0.0,0.0
2025-01-18,2025-07-18,60.0,1.5,1598,0.242,0.414,0.344,0.023,1.37
2025-01-18,2025-07-18,60.0,2.0,1598,0.137,0.425,0.438,0.007,0.45
2025-01-18,2025-07-18,60.0,3.0,1598,0.054,0.437,0.509,-0.006,-0.39
2025-01-18,2025-07-18,60.0,4.0,1598,0.02,0.437,0.543,-0.017,-1.0
2025-01-18,2025-07-18,80.0,1.0,1598,0.312,0.312,0.375,0.0,0.0
2025-01-18,2025-07-18,80.0,1.5,1598,0.15,0.324,0.526,-0.008,-0.64
2025-01-18,2025-07-18,80.0,2.0,1598,0.079,0.331,0.589,-0.011,-0.87
2025-01-18,2025-07-18,80.0,3.0,1598,0.02,0.331,0.649,-0.027,-2.12
2025-01-18,2025-07-18,80.0,4.0,1598,0.0,0.331,0.669,-0.035,-2.81
2025-01-18,2025-07-18,100.0,1.0,1598,0.218,0.218,0.563,0.0,0.0
2025-01-18,2025-07-18,100.0,1.5,1598,0.091,0.228,0.681,-0.009,-0.94
2025-01-18,2025-07-18,100.0,2.0,1598,0.045,0.23,0.725,-0.021,-2.1
2025-01-18,2025-07-18,100.0,3.0,1598,0.002,0.23,0.768,-0.032,-3.2
2025-01-18,2025-07-18,100.0,4.0,1598,0.0,0.23,0.77,-0.033,-3.29
2025-01-18,2025-07-18,150.0,1.0,1598,0.091,0.091,0.817,0.0,0.0
2025-01-18,2025-07-18,150.0,1.5,1598,0.025,0.091,0.884,-0.012,-1.78
2025-01-18,2025-07-18,150.0,2.0,1598,0.002,0.091,0.907,-0.015,-2.27
2025-01-18,2025-07-18,150.0,3.0,1598,0.0,0.091,0.909,-0.016,-2.37
2025-01-18,2025-07-18,150.0,4.0,1598,0.0,0.091,0.909,-0.016,-2.37
2025-07-18,2026-01-18,20.0,1.0,1588,0.5,0.5,0.0,0.0,0.0
2025-07-18,2026-01-18,20.0,1.5,1588,0.406,0.594,0.0,0.015,0.31
2025-07-18,2026-01-18,20.0,2.0,1588,0.345,0.651,0.004,0.043,0.86
2025-07-18,2026-01-18,20.0,3.0,1588,0.271,0.714,0.015,0.114,2.28
2025-07-18,2026-01-18,20.0,4.0,1588,0.207,0.758,0.036,0.135,2.71
2025-07-18,2026-01-18,40.0,1.0,1588,0.48,0.48,0.039,0.0,0.0
2025-07-18,2026-01-18,40.0,1.5,1588,0.377,0.551,0.072,0.034,1.35
2025-07-18,2026-01-18,40.0,2.0,1588,0.299,0.593,0.108,0.06,2.4
2025-07-18,2026-01-18,40.0,3.0,1588,0.21,0.623,0.168,0.159,6.35
2025-07-18,2026-01-18,40.0,4.0,1588,0.125,0.634,0.241,0.223,8.92
2025-07-18,2026-01-18,60.0,1.0,1588,0.443,0.443,0.113,0.0,0.0
2025-07-18,2026-01-18,60.0,1.5,1588,0.326,0.49,0.185,0.041,2.49
2025-07-18,2026-01-18,60.0,2.0,1588,0.242,0.508,0.249,0.096,5.77
2025-07-18,2026-01-18,60.0,3.0,1588,0.115,0.521,0.363,0.168,10.08
2025-07-18,2026-01-18,60.0,4.0,1588,0.032,0.525,0.443,0.144,8.62
2025-07-18,2026-01-18,80.0,1.0,1588,0.39,0.39,0.22,0.0,0.0
2025-07-18,2026-01-18,80.0,1.5,1588,0.268,0.413,0.319,0.065,5.19
2025-07-18,2026-01-18,80.0,2.0,1588,0.17,0.424,0.406,0.113,9.01
2025-07-18,2026-01-18,80.0,3.0,1588,0.039,0.429,0.532,0.109,8.69
2025-07-18,2026-01-18,80.0,4.0,1588,0.018,0.429,0.554,0.107,8.55
2025-07-18,2026-01-18,100.0,1.0,1588,0.338,0.338,0.325,0.0,0.0
2025-07-18,2026-01-18,100.0,1.5,1588,0.206,0.356,0.438,0.058,5.82
2025-07-18,2026-01-18,100.0,2.0,1588,0.098,0.361,0.541,0.079,7.91
2025-07-18,2026-01-18,100.0,3.0,1588,0.02,0.363,0.617,0.059,5.87
2025-07-18,2026-01-18,100.0,4.0,1588,0.005,0.363,0.632,0.062,6.25
2025-07-18,2026-01-18,150.0,1.0,1588,0.215,0.215,0.571,0.0,0.0
2025-07-18,2026-01-18,150.0,1.5,1588,0.065,0.22,0.715,0.012,1.74
2025-07-18,2026-01-18,150.0,2.0,1588,0.021,0.22,0.759,0.0,0.05
2025-07-18,2026-01-18,150.0,3.0,1588,0.002,0.22,0.778,0.003,0.39
2025-07-18,2026-01-18,150.0,4.0,1588,0.0,0.22,0.78,0.003,0.41
2026-01-18,2026-07-16,20.0,1.0,1584,0.499,0.499,0.001,0.0,0.0
2026-01-18,2026-07-16,20.0,1.5,1584,0.4,0.598,0.001,0.002,0.04
2026-01-18,2026-07-16,20.0,2.0,1584,0.343,0.655,0.002,0.031,0.63
2026-01-18,2026-07-16,20.0,3.0,1584,0.267,0.731,0.002,0.071,1.42
2026-01-18,2026-07-16,20.0,4.0,1584,0.222,0.775,0.004,0.118,2.37
2026-01-18,2026-07-16,40.0,1.0,1584,0.499,0.499,0.003,0.0,0.0
2026-01-18,2026-07-16,40.0,1.5,1584,0.41,0.588,0.003,0.027,1.07
2026-01-18,2026-07-16,40.0,2.0,1584,0.354,0.641,0.005,0.07,2.78
2026-01-18,2026-07-16,40.0,3.0,1584,0.271,0.71,0.018,0.122,4.89
2026-01-18,2026-07-16,40.0,4.0,1584,0.216,0.744,0.04,0.192,7.69
2026-01-18,2026-07-16,60.0,1.0,1584,0.498,0.498,0.004,0.0,0.0
2026-01-18,2026-07-16,60.0,1.5,1584,0.404,0.578,0.018,0.034,2.06
2026-01-18,2026-07-16,60.0,2.0,1584,0.339,0.625,0.036,0.068,4.1
2026-01-18,2026-07-16,60.0,3.0,1584,0.238,0.673,0.089,0.136,8.13
2026-01-18,2026-07-16,60.0,4.0,1584,0.152,0.689,0.158,0.168,10.1
2026-01-18,2026-07-16,80.0,1.0,1584,0.491,0.491,0.019,0.0,0.0
2026-01-18,2026-07-16,80.0,1.5,1584,0.391,0.551,0.057,0.044,3.54
2026-01-18,2026-07-16,80.0,2.0,1584,0.314,0.579,0.107,0.102,8.14
2026-01-18,2026-07-16,80.0,3.0,1584,0.162,0.607,0.231,0.116,9.3
2026-01-18,2026-07-16,80.0,4.0,1584,0.096,0.617,0.287,0.126,10.06
2026-01-18,2026-07-16,100.0,1.0,1584,0.465,0.465,0.071,0.0,0.0
2026-01-18,2026-07-16,100.0,1.5,1584,0.363,0.508,0.129,0.067,6.69
2026-01-18,2026-07-16,100.0,2.0,1584,0.247,0.525,0.229,0.088,8.85
2026-01-18,2026-07-16,100.0,3.0,1584,0.114,0.545,0.34,0.093,9.26
2026-01-18,2026-07-16,100.0,4.0,1584,0.071,0.551,0.379,0.117,11.7
2026-01-18,2026-07-16,150.0,1.0,1584,0.382,0.382,0.236,0.0,0.0
2026-01-18,2026-07-16,150.0,1.5,1584,0.209,0.398,0.393,0.019,2.86
2026-01-18,2026-07-16,150.0,2.0,1584,0.12,0.415,0.465,0.009,1.34
2026-01-18,2026-07-16,150.0,3.0,1584,0.057,0.42,0.523,0.031,4.68
2026-01-18,2026-07-16,150.0,4.0,1584,0.033,0.429,0.538,0.02,3.06
