pair,asset_class,sl_mult,tp_r,n,win_rate,sl_rate,timeout_rate,avg_r
audcad,fx,0.5,1.0,2422,0.516,0.484,0.0,-0.1056
audcad,fx,0.5,1.5,2422,0.406,0.594,0.0,-0.1213
audcad,fx,0.5,2.0,2422,0.332,0.668,0.0,-0.1411
audcad,fx,0.5,3.0,2422,0.251,0.749,0.0,-0.1329
audcad,fx,0.5,4.0,2422,0.194,0.806,0.0,-0.1667
audcad,fx,0.75,1.0,2422,0.509,0.491,0.0,-0.0723
audcad,fx,0.75,1.5,2422,0.412,0.588,0.0,-0.0622
audcad,fx,0.75,2.0,2422,0.345,0.655,0.0,-0.0571
audcad,fx,0.75,3.0,2422,0.245,0.755,0.0,-0.1103
audcad,fx,0.75,4.0,2422,0.188,0.81,0.002,-0.1464
audcad,fx,1.0,1.0,2422,0.507,0.493,0.0,-0.0545
audcad,fx,1.0,1.5,2422,0.41,0.59,0.0,-0.0425
audcad,fx,1.0,2.0,2422,0.336,0.664,0.0,-0.059
audcad,fx,1.0,3.0,2422,0.236,0.761,0.003,-0.1151
audcad,fx,1.0,4.0,2422,0.176,0.81,0.014,-0.1511
audcad,fx,1.25,1.0,2422,0.51,0.49,0.0,-0.035
audcad,fx,1.25,1.5,2422,0.406,0.593,0.001,-0.0381
audcad,fx,1.25,2.0,2422,0.33,0.667,0.003,-0.0593
audcad,fx,1.25,3.0,2422,0.231,0.749,0.019,-0.0921
audcad,fx,1.25,4.0,2422,0.169,0.786,0.045,-0.1013
audcad,fx,1.5,1.0,2422,0.507,0.492,0.001,-0.0308
audcad,fx,1.5,1.5,2422,0.399,0.597,0.004,-0.0422
audcad,fx,1.5,2.0,2422,0.321,0.665,0.014,-0.061
audcad,fx,1.5,3.0,2422,0.217,0.735,0.047,-0.0907
audcad,fx,1.5,4.0,2422,0.144,0.761,0.095,-0.0895
audcad,fx,2.0,1.0,2422,0.508,0.486,0.006,-0.0126
audcad,fx,2.0,1.5,2422,0.39,0.581,0.029,-0.022
audcad,fx,2.0,2.0,2422,0.301,0.636,0.063,-0.0374
audcad,fx,2.0,3.0,2422,0.179,0.676,0.145,-0.0301
audcad,fx,2.0,4.0,2422,0.093,0.686,0.221,-0.0393
audchf,fx,0.5,1.0,923,0.527,0.473,0.0,-0.0768
audchf,fx,0.5,1.5,923,0.389,0.611,0.0,-0.1575
audchf,fx,0.5,2.0,923,0.32,0.68,0.0,-0.171
audchf,fx,0.5,3.0,923,0.232,0.768,0.0,-0.2025
audchf,fx,0.5,4.0,923,0.185,0.815,0.0,-0.2035
audchf,fx,0.75,1.0,923,0.477,0.523,0.0,-0.1331
audchf,fx,0.75,1.5,923,0.368,0.632,0.0,-0.1656
audchf,fx,0.75,2.0,923,0.303,0.697,0.0,-0.1764
audchf,fx,0.75,3.0,923,0.22,0.78,0.0,-0.2067
audchf,fx,0.75,4.0,923,0.174,0.823,0.002,-0.2058
audchf,fx,1.0,1.0,923,0.49,0.51,0.0,-0.0855
audchf,fx,1.0,1.5,923,0.385,0.615,0.0,-0.1033
audchf,fx,1.0,2.0,923,0.321,0.678,0.001,-0.0997
audchf,fx,1.0,3.0,923,0.241,0.753,0.007,-0.0873
audchf,fx,1.0,4.0,923,0.161,0.803,0.036,-0.154
audchf,fx,1.25,1.0,923,0.49,0.51,0.0,-0.0725
audchf,fx,1.25,1.5,923,0.4,0.6,0.0,-0.0525
audchf,fx,1.25,2.0,923,0.326,0.67,0.004,-0.0651
audchf,fx,1.25,3.0,923,0.221,0.739,0.04,-0.0772
audchf,fx,1.25,4.0,923,0.138,0.776,0.087,-0.1433
audchf,fx,1.5,1.0,923,0.499,0.501,0.0,-0.0444
audchf,fx,1.5,1.5,923,0.388,0.606,0.007,-0.0639
audchf,fx,1.5,2.0,923,0.325,0.655,0.02,-0.0371
audchf,fx,1.5,3.0,923,0.194,0.72,0.086,-0.0929
audchf,fx,1.5,4.0,923,0.117,0.744,0.139,-0.1321
audchf,fx,2.0,1.0,923,0.494,0.499,0.007,-0.0356
audchf,fx,2.0,1.5,923,0.386,0.577,0.037,-0.0186
audchf,fx,2.0,2.0,923,0.274,0.621,0.105,-0.0454
audchf,fx,2.0,3.0,923,0.147,0.653,0.199,-0.0629
audchf,fx,2.0,4.0,923,0.093,0.66,0.247,-0.029
audjpy,fx,0.5,1.0,2194,0.486,0.514,0.0,-0.1468
audjpy,fx,0.5,1.5,2194,0.373,0.627,0.0,-0.1865
audjpy,fx,0.5,2.0,2194,0.311,0.689,0.0,-0.1847
audjpy,fx,0.5,3.0,2194,0.218,0.782,0.0,-0.2471
audjpy,fx,0.5,4.0,2194,0.168,0.832,0.0,-0.2776
audjpy,fx,0.75,1.0,2194,0.48,0.52,0.0,-0.1192
audjpy,fx,0.75,1.5,2194,0.378,0.622,0.0,-0.1337
audjpy,fx,0.75,2.0,2194,0.299,0.7,0.0,-0.18
audjpy,fx,0.75,3.0,2194,0.216,0.782,0.003,-0.2128
audjpy,fx,0.75,4.0,2194,0.175,0.819,0.007,-0.1886
audjpy,fx,1.0,1.0,2194,0.484,0.516,0.0,-0.0915
audjpy,fx,1.0,1.5,2194,0.369,0.63,0.001,-0.1351
audjpy,fx,1.0,2.0,2194,0.297,0.7,0.004,-0.1643
audjpy,fx,1.0,3.0,2194,0.219,0.767,0.014,-0.1569
audjpy,fx,1.0,4.0,2194,0.165,0.799,0.036,-0.1531
audjpy,fx,1.25,1.0,2194,0.477,0.523,0.0,-0.0933
audjpy,fx,1.25,1.5,2194,0.372,0.622,0.005,-0.11
audjpy,fx,1.25,2.0,2194,0.295,0.689,0.016,-0.1403
audjpy,fx,1.25,3.0,2194,0.216,0.74,0.045,-0.1024
audjpy,fx,1.25,4.0,2194,0.144,0.769,0.087,-0.1299
audjpy,fx,1.5,1.0,2194,0.479,0.517,0.004,-0.0774
audjpy,fx,1.5,1.5,2194,0.363,0.62,0.016,-0.1109
audjpy,fx,1.5,2.0,2194,0.302,0.667,0.031,-0.0889
audjpy,fx,1.5,3.0,2194,0.195,0.717,0.088,-0.0955
audjpy,fx,1.5,4.0,2194,0.119,0.744,0.137,-0.1345
audjpy,fx,2.0,1.0,2194,0.47,0.51,0.02,-0.069
audjpy,fx,2.0,1.5,2194,0.36,0.588,0.052,-0.0682
audjpy,fx,2.0,2.0,2194,0.27,0.627,0.103,-0.0747
audjpy,fx,2.0,3.0,2194,0.144,0.669,0.188,-0.1131
audjpy,fx,2.0,4.0,2194,0.075,0.685,0.24,-0.1462
audnzd,fx,0.5,1.0,2442,0.572,0.428,0.0,-0.0207
audnzd,fx,0.5,1.5,2442,0.465,0.535,0.0,-0.0027
audnzd,fx,0.5,2.0,2442,0.383,0.617,0.0,-0.017
audnzd,fx,0.5,3.0,2442,0.293,0.707,0.0,0.0072
audnzd,fx,0.5,4.0,2442,0.233,0.767,0.0,-0.0027
audnzd,fx,0.75,1.0,2442,0.563,0.437,0.0,0.0158
audnzd,fx,0.75,1.5,2442,0.445,0.555,0.0,0.0014
audnzd,fx,0.75,2.0,2442,0.371,0.629,0.0,0.0027
audnzd,fx,0.75,3.0,2442,0.267,0.733,0.0,-0.0426
audnzd,fx,0.75,4.0,2442,0.204,0.793,0.003,-0.08
audnzd,fx,1.0,1.0,2442,0.541,0.459,0.0,-0.0009
audnzd,fx,1.0,1.5,2442,0.436,0.564,0.0,0.0065
audnzd,fx,1.0,2.0,2442,0.353,0.647,0.0,-0.0226
audnzd,fx,1.0,3.0,2442,0.255,0.741,0.004,-0.0542
audnzd,fx,1.0,4.0,2442,0.183,0.798,0.018,-0.1202
audnzd,fx,1.25,1.0,2442,0.548,0.452,0.0,0.0288
audnzd,fx,1.25,1.5,2442,0.418,0.581,0.001,-0.0188
audnzd,fx,1.25,2.0,2442,0.345,0.651,0.004,-0.0226
audnzd,fx,1.25,3.0,2442,0.235,0.743,0.021,-0.0779
audnzd,fx,1.25,4.0,2442,0.166,0.781,0.054,-0.094
audnzd,fx,1.5,1.0,2442,0.541,0.459,0.0,0.0266
audnzd,fx,1.5,1.5,2442,0.42,0.576,0.005,0.001
audnzd,fx,1.5,2.0,2442,0.346,0.643,0.011,0.0001
audnzd,fx,1.5,3.0,2442,0.223,0.724,0.052,-0.0481
audnzd,fx,1.5,4.0,2442,0.147,0.757,0.096,-0.0778
audnzd,fx,2.0,1.0,2442,0.514,0.481,0.005,-0.0075
audnzd,fx,2.0,1.5,2442,0.399,0.575,0.026,-0.0098
audnzd,fx,2.0,2.0,2442,0.299,0.636,0.066,-0.0417
audnzd,fx,2.0,3.0,2442,0.171,0.686,0.143,-0.07
audnzd,fx,2.0,4.0,2442,0.088,0.703,0.209,-0.1055
audusd,fx,0.5,1.0,2165,0.507,0.493,0.0,-0.1197
audusd,fx,0.5,1.5,2165,0.398,0.602,0.0,-0.1377
audusd,fx,0.5,2.0,2165,0.329,0.671,0.0,-0.1465
audusd,fx,0.5,3.0,2165,0.248,0.752,0.0,-0.1428
audusd,fx,0.5,4.0,2165,0.194,0.806,0.0,-0.1631
audusd,fx,0.75,1.0,2165,0.492,0.508,0.0,-0.1039
audusd,fx,0.75,1.5,2165,0.389,0.611,0.0,-0.1153
audusd,fx,0.75,2.0,2165,0.327,0.673,0.0,-0.1062
audusd,fx,0.75,3.0,2165,0.241,0.759,0.0,-0.1255
audusd,fx,0.75,4.0,2165,0.181,0.816,0.004,-0.1792
audusd,fx,1.0,1.0,2165,0.492,0.508,0.0,-0.0818
audusd,fx,1.0,1.5,2165,0.395,0.605,0.0,-0.0793
audusd,fx,1.0,2.0,2165,0.326,0.674,0.0,-0.0891
audusd,fx,1.0,3.0,2165,0.225,0.768,0.006,-0.153
audusd,fx,1.0,4.0,2165,0.163,0.818,0.019,-0.2042
audusd,fx,1.25,1.0,2165,0.497,0.503,0.001,-0.0591
audusd,fx,1.25,1.5,2165,0.394,0.604,0.001,-0.0655
audusd,fx,1.25,2.0,2165,0.323,0.673,0.003,-0.0782
audusd,fx,1.25,3.0,2165,0.215,0.762,0.023,-0.1487
audusd,fx,1.25,4.0,2165,0.155,0.796,0.049,-0.1581
audusd,fx,1.5,1.0,2165,0.496,0.503,0.002,-0.0513
audusd,fx,1.5,1.5,2165,0.393,0.603,0.004,-0.0569
audusd,fx,1.5,2.0,2165,0.313,0.673,0.014,-0.0865
audusd,fx,1.5,3.0,2165,0.205,0.745,0.05,-0.1289
audusd,fx,1.5,4.0,2165,0.131,0.773,0.096,-0.151
audusd,fx,2.0,1.0,2165,0.484,0.509,0.007,-0.0577
audusd,fx,2.0,1.5,2165,0.371,0.605,0.024,-0.0753
audusd,fx,2.0,2.0,2165,0.282,0.66,0.058,-0.1022
audusd,fx,2.0,3.0,2165,0.162,0.702,0.136,-0.1183
audusd,fx,2.0,4.0,2165,0.092,0.713,0.194,-0.1215
cadjpy,fx,0.5,1.0,2138,0.494,0.506,0.0,-0.1356
cadjpy,fx,0.5,1.5,2138,0.384,0.616,0.0,-0.1623
cadjpy,fx,0.5,2.0,2138,0.314,0.686,0.0,-0.1805
cadjpy,fx,0.5,3.0,2138,0.223,0.776,0.001,-0.2311
cadjpy,fx,0.5,4.0,2138,0.174,0.824,0.002,-0.25
cadjpy,fx,0.75,1.0,2138,0.472,0.528,0.0,-0.1384
cadjpy,fx,0.75,1.5,2138,0.37,0.63,0.0,-0.1562
cadjpy,fx,0.75,2.0,2138,0.298,0.701,0.001,-0.1868
cadjpy,fx,0.75,3.0,2138,0.21,0.787,0.004,-0.2367
cadjpy,fx,0.75,4.0,2138,0.155,0.837,0.008,-0.2886
cadjpy,fx,1.0,1.0,2138,0.471,0.529,0.0,-0.1188
cadjpy,fx,1.0,1.5,2138,0.361,0.637,0.002,-0.1568
cadjpy,fx,1.0,2.0,2138,0.293,0.703,0.004,-0.177
cadjpy,fx,1.0,3.0,2138,0.197,0.79,0.013,-0.2511
cadjpy,fx,1.0,4.0,2138,0.141,0.826,0.034,-0.2827
cadjpy,fx,1.25,1.0,2138,0.465,0.532,0.002,-0.1164
cadjpy,fx,1.25,1.5,2138,0.357,0.636,0.007,-0.1483
cadjpy,fx,1.25,2.0,2138,0.287,0.7,0.013,-0.1723
cadjpy,fx,1.25,3.0,2138,0.185,0.774,0.042,-0.2369
cadjpy,fx,1.25,4.0,2138,0.128,0.804,0.068,-0.2642
cadjpy,fx,1.5,1.0,2138,0.468,0.527,0.005,-0.1001
cadjpy,fx,1.5,1.5,2138,0.357,0.629,0.014,-0.131
cadjpy,fx,1.5,2.0,2138,0.278,0.69,0.032,-0.1618
cadjpy,fx,1.5,3.0,2138,0.177,0.745,0.078,-0.1932
cadjpy,fx,1.5,4.0,2138,0.113,0.768,0.119,-0.2154
cadjpy,fx,2.0,1.0,2138,0.459,0.518,0.023,-0.0877
cadjpy,fx,2.0,1.5,2138,0.341,0.602,0.057,-0.1067
cadjpy,fx,2.0,2.0,2138,0.249,0.647,0.104,-0.1341
cadjpy,fx,2.0,3.0,2138,0.139,0.684,0.177,-0.159
cadjpy,fx,2.0,4.0,2138,0.08,0.695,0.225,-0.1556
chfjpy,fx,0.5,1.0,2313,0.5,0.5,0.0,-0.111
chfjpy,fx,0.5,1.5,2313,0.392,0.608,0.0,-0.1313
chfjpy,fx,0.5,2.0,2313,0.324,0.676,0.0,-0.1391
chfjpy,fx,0.5,3.0,2313,0.243,0.757,0.0,-0.1404
chfjpy,fx,0.5,4.0,2313,0.195,0.805,0.0,-0.1342
chfjpy,fx,0.75,1.0,2313,0.496,0.504,0.0,-0.0819
chfjpy,fx,0.75,1.5,2313,0.39,0.61,0.0,-0.0988
chfjpy,fx,0.75,2.0,2313,0.322,0.677,0.001,-0.106
chfjpy,fx,0.75,3.0,2313,0.237,0.757,0.006,-0.1118
chfjpy,fx,0.75,4.0,2313,0.182,0.808,0.01,-0.1359
chfjpy,fx,1.0,1.0,2313,0.498,0.502,0.0,-0.0592
chfjpy,fx,1.0,1.5,2313,0.396,0.602,0.001,-0.0621
chfjpy,fx,1.0,2.0,2313,0.332,0.662,0.006,-0.0481
chfjpy,fx,1.0,3.0,2313,0.23,0.75,0.02,-0.095
chfjpy,fx,1.0,4.0,2313,0.158,0.793,0.048,-0.1487
chfjpy,fx,1.25,1.0,2313,0.497,0.502,0.001,-0.0495
chfjpy,fx,1.25,1.5,2313,0.399,0.593,0.008,-0.0361
chfjpy,fx,1.25,2.0,2313,0.318,0.662,0.02,-0.0604
chfjpy,fx,1.25,3.0,2313,0.21,0.732,0.058,-0.0942
chfjpy,fx,1.25,4.0,2313,0.134,0.763,0.103,-0.1352
chfjpy,fx,1.5,1.0,2313,0.495,0.499,0.005,-0.0405
chfjpy,fx,1.5,1.5,2313,0.387,0.592,0.022,-0.0425
chfjpy,fx,1.5,2.0,2313,0.303,0.653,0.044,-0.0626
chfjpy,fx,1.5,3.0,2313,0.184,0.71,0.106,-0.1046
chfjpy,fx,1.5,4.0,2313,0.115,0.735,0.151,-0.1271
chfjpy,fx,2.0,1.0,2313,0.497,0.471,0.032,-0.002
chfjpy,fx,2.0,1.5,2313,0.362,0.562,0.077,-0.0272
chfjpy,fx,2.0,2.0,2313,0.255,0.609,0.136,-0.0646
chfjpy,fx,2.0,3.0,2313,0.135,0.646,0.218,-0.0943
chfjpy,fx,2.0,4.0,2313,0.073,0.663,0.264,-0.1179
dow,index,0.5,1.0,852,0.441,0.559,0.0,-0.1628
dow,index,0.5,1.5,852,0.354,0.646,0.0,-0.1593
dow,index,0.5,2.0,852,0.286,0.714,0.0,-0.1863
dow,index,0.5,3.0,852,0.201,0.799,0.0,-0.2426
dow,index,0.5,4.0,852,0.165,0.835,0.0,-0.218
dow,index,0.75,1.0,852,0.467,0.533,0.0,-0.096
dow,index,0.75,1.5,852,0.365,0.635,0.0,-0.1177
dow,index,0.75,2.0,852,0.302,0.698,0.0,-0.1254
dow,index,0.75,3.0,852,0.227,0.772,0.001,-0.1216
dow,index,0.75,4.0,852,0.185,0.81,0.005,-0.0932
dow,index,1.0,1.0,852,0.453,0.547,0.0,-0.1166
dow,index,1.0,1.5,852,0.364,0.636,0.0,-0.1131
dow,index,1.0,2.0,852,0.31,0.69,0.0,-0.0931
dow,index,1.0,3.0,852,0.235,0.761,0.005,-0.0752
dow,index,1.0,4.0,852,0.181,0.804,0.015,-0.08
dow,index,1.25,1.0,852,0.467,0.533,0.0,-0.0839
dow,index,1.25,1.5,852,0.376,0.623,0.001,-0.0778
dow,index,1.25,2.0,852,0.311,0.685,0.004,-0.0803
dow,index,1.25,3.0,852,0.228,0.756,0.016,-0.0711
dow,index,1.25,4.0,852,0.158,0.789,0.053,-0.0953
dow,index,1.5,1.0,852,0.462,0.534,0.004,-0.0871
dow,index,1.5,1.5,852,0.372,0.622,0.006,-0.0786
dow,index,1.5,2.0,852,0.316,0.669,0.015,-0.0458
dow,index,1.5,3.0,852,0.209,0.737,0.054,-0.0712
dow,index,1.5,4.0,852,0.134,0.77,0.096,-0.1157
dow,index,2.0,1.0,852,0.481,0.507,0.012,-0.0388
dow,index,2.0,1.5,852,0.384,0.587,0.029,-0.0165
dow,index,2.0,2.0,852,0.295,0.643,0.062,-0.0318
dow,index,2.0,3.0,852,0.161,0.701,0.138,-0.1007
dow,index,2.0,4.0,852,0.102,0.715,0.183,-0.0838
euraud,fx,0.5,1.0,2218,0.489,0.511,0.0,-0.0967
euraud,fx,0.5,1.5,2218,0.383,0.617,0.0,-0.1181
euraud,fx,0.5,2.0,2218,0.312,0.688,0.0,-0.1404
euraud,fx,0.5,3.0,2218,0.231,0.769,0.0,-0.1517
euraud,fx,0.5,4.0,2218,0.18,0.82,0.0,-0.1733
euraud,fx,0.75,1.0,2218,0.489,0.511,0.0,-0.0717
euraud,fx,0.75,1.5,2218,0.383,0.617,0.0,-0.0931
euraud,fx,0.75,2.0,2218,0.324,0.676,0.0,-0.0789
euraud,fx,0.75,3.0,2218,0.237,0.763,0.0,-0.1015
euraud,fx,0.75,4.0,2218,0.191,0.809,0.0,-0.0953
euraud,fx,1.0,1.0,2218,0.49,0.51,0.0,-0.0574
euraud,fx,1.0,1.5,2218,0.4,0.6,0.0,-0.0366
euraud,fx,1.0,2.0,2218,0.328,0.672,0.0,-0.0529
euraud,fx,1.0,3.0,2218,0.239,0.758,0.003,-0.0775
euraud,fx,1.0,4.0,2218,0.181,0.804,0.014,-0.0931
euraud,fx,1.25,1.0,2218,0.5,0.5,0.0,-0.0309
euraud,fx,1.25,1.5,2218,0.391,0.609,0.0,-0.0521
euraud,fx,1.25,2.0,2218,0.317,0.682,0.001,-0.0778
euraud,fx,1.25,3.0,2218,0.224,0.756,0.02,-0.092
euraud,fx,1.25,4.0,2218,0.161,0.792,0.047,-0.102
euraud,fx,1.5,1.0,2218,0.503,0.497,0.0,-0.0187
euraud,fx,1.5,1.5,2218,0.389,0.609,0.002,-0.0498
euraud,fx,1.5,2.0,2218,0.319,0.67,0.01,-0.0511
euraud,fx,1.5,3.0,2218,0.211,0.737,0.052,-0.0753
euraud,fx,1.5,4.0,2218,0.143,0.764,0.093,-0.0783
euraud,fx,2.0,1.0,2218,0.488,0.507,0.005,-0.0379
euraud,fx,2.0,1.5,2218,0.379,0.595,0.026,-0.0391
euraud,fx,2.0,2.0,2218,0.296,0.645,0.06,-0.0401
euraud,fx,2.0,3.0,2218,0.171,0.685,0.144,-0.049
euraud,fx,2.0,4.0,2218,0.092,0.697,0.211,-0.0605
eurcad,fx,0.5,1.0,2468,0.51,0.49,0.0,-0.0756
eurcad,fx,0.5,1.5,2468,0.385,0.615,0.0,-0.1327
eurcad,fx,0.5,2.0,2468,0.314,0.686,0.0,-0.1517
eurcad,fx,0.5,3.0,2468,0.229,0.77,0.0,-0.1766
eurcad,fx,0.5,4.0,2468,0.179,0.82,0.001,-0.1986
eurcad,fx,0.75,1.0,2468,0.481,0.519,0.0,-0.1006
eurcad,fx,0.75,1.5,2468,0.368,0.632,0.0,-0.1436
eurcad,fx,0.75,2.0,2468,0.304,0.695,0.0,-0.1496
eurcad,fx,0.75,3.0,2468,0.222,0.776,0.002,-0.1725
eurcad,fx,0.75,4.0,2468,0.165,0.831,0.004,-0.2287
eurcad,fx,1.0,1.0,2468,0.484,0.516,0.0,-0.0791
eurcad,fx,1.0,1.5,2468,0.376,0.623,0.001,-0.105
eurcad,fx,1.0,2.0,2468,0.311,0.686,0.003,-0.1094
eurcad,fx,1.0,3.0,2468,0.216,0.776,0.008,-0.1692
eurcad,fx,1.0,4.0,2468,0.163,0.816,0.02,-0.182
eurcad,fx,1.25,1.0,2468,0.473,0.527,0.0,-0.0919
eurcad,fx,1.25,1.5,2468,0.374,0.623,0.004,-0.0984
eurcad,fx,1.25,2.0,2468,0.304,0.689,0.007,-0.1161
eurcad,fx,1.25,3.0,2468,0.213,0.765,0.022,-0.1443
eurcad,fx,1.25,4.0,2468,0.148,0.801,0.051,-0.1732
eurcad,fx,1.5,1.0,2468,0.481,0.517,0.002,-0.068
eurcad,fx,1.5,1.5,2468,0.38,0.612,0.008,-0.0707
eurcad,fx,1.5,2.0,2468,0.303,0.679,0.018,-0.0963
eurcad,fx,1.5,3.0,2468,0.203,0.743,0.054,-0.1119
eurcad,fx,1.5,4.0,2468,0.133,0.77,0.096,-0.138
eurcad,fx,2.0,1.0,2468,0.486,0.501,0.013,-0.0361
eurcad,fx,2.0,1.5,2468,0.366,0.602,0.032,-0.0654
eurcad,fx,2.0,2.0,2468,0.281,0.654,0.065,-0.0824
eurcad,fx,2.0,3.0,2468,0.166,0.697,0.137,-0.095
eurcad,fx,2.0,4.0,2468,0.096,0.711,0.193,-0.0951
eurchf,fx,0.5,1.0,2486,0.508,0.492,0.0,-0.1633
eurchf,fx,0.5,1.5,2486,0.383,0.617,0.0,-0.2228
eurchf,fx,0.5,2.0,2486,0.308,0.692,0.0,-0.2558
eurchf,fx,0.5,3.0,2486,0.226,0.774,0.0,-0.2775
eurchf,fx,0.5,4.0,2486,0.174,0.826,0.0,-0.3099
eurchf,fx,0.75,1.0,2486,0.486,0.514,0.0,-0.1477
eurchf,fx,0.75,1.5,2486,0.374,0.626,0.0,-0.1841
eurchf,fx,0.75,2.0,2486,0.305,0.695,0.001,-0.2056
eurchf,fx,0.75,3.0,2486,0.22,0.778,0.002,-0.2344
eurchf,fx,0.75,4.0,2486,0.171,0.824,0.006,-0.256
eurchf,fx,1.0,1.0,2486,0.494,0.506,0.0,-0.1031
eurchf,fx,1.0,1.5,2486,0.389,0.61,0.001,-0.1167
eurchf,fx,1.0,2.0,2486,0.316,0.682,0.002,-0.1392
eurchf,fx,1.0,3.0,2486,0.224,0.766,0.01,-0.1747
eurchf,fx,1.0,4.0,2486,0.162,0.809,0.029,-0.2089
eurchf,fx,1.25,1.0,2486,0.491,0.508,0.001,-0.0901
eurchf,fx,1.25,1.5,2486,0.382,0.615,0.004,-0.1135
eurchf,fx,1.25,2.0,2486,0.312,0.68,0.008,-0.1247
eurchf,fx,1.25,3.0,2486,0.206,0.76,0.034,-0.1821
eurchf,fx,1.25,4.0,2486,0.147,0.791,0.062,-0.1942
eurchf,fx,1.5,1.0,2486,0.498,0.499,0.003,-0.0617
eurchf,fx,1.5,1.5,2486,0.39,0.602,0.008,-0.0758
eurchf,fx,1.5,2.0,2486,0.31,0.667,0.024,-0.0959
eurchf,fx,1.5,3.0,2486,0.197,0.734,0.069,-0.1414
eurchf,fx,1.5,4.0,2486,0.132,0.76,0.109,-0.1559
eurchf,fx,2.0,1.0,2486,0.501,0.481,0.018,-0.0264
eurchf,fx,2.0,1.5,2486,0.385,0.57,0.045,-0.0265
eurchf,fx,2.0,2.0,2486,0.292,0.616,0.092,-0.0319
eurchf,fx,2.0,3.0,2486,0.167,0.663,0.171,-0.0695
eurchf,fx,2.0,4.0,2486,0.08,0.68,0.24,-0.1192
eurgbp,fx,0.5,1.0,2358,0.514,0.486,0.0,-0.1396
eurgbp,fx,0.5,1.5,2358,0.396,0.604,0.0,-0.1782
eurgbp,fx,0.5,2.0,2358,0.314,0.686,0.0,-0.2269
eurgbp,fx,0.5,3.0,2358,0.228,0.772,0.0,-0.2575
eurgbp,fx,0.5,4.0,2358,0.176,0.823,0.0,-0.2849
eurgbp,fx,0.75,1.0,2358,0.494,0.506,0.0,-0.1249
eurgbp,fx,0.75,1.5,2358,0.374,0.626,0.0,-0.176
eurgbp,fx,0.75,2.0,2358,0.309,0.691,0.0,-0.1852
eurgbp,fx,0.75,3.0,2358,0.225,0.771,0.004,-0.2061
eurgbp,fx,0.75,4.0,2358,0.177,0.814,0.009,-0.2058
eurgbp,fx,1.0,1.0,2358,0.483,0.517,0.0,-0.119
eurgbp,fx,1.0,1.5,2358,0.376,0.623,0.001,-0.1422
eurgbp,fx,1.0,2.0,2358,0.312,0.684,0.004,-0.1419
eurgbp,fx,1.0,3.0,2358,0.226,0.759,0.015,-0.1517
eurgbp,fx,1.0,4.0,2358,0.16,0.799,0.041,-0.1852
eurgbp,fx,1.25,1.0,2358,0.475,0.524,0.001,-0.1165
eurgbp,fx,1.25,1.5,2358,0.377,0.615,0.008,-0.114
eurgbp,fx,1.25,2.0,2358,0.307,0.677,0.016,-0.1243
eurgbp,fx,1.25,3.0,2358,0.207,0.743,0.05,-0.1408
eurgbp,fx,1.25,4.0,2358,0.146,0.774,0.08,-0.1525
eurgbp,fx,1.5,1.0,2358,0.478,0.516,0.006,-0.0922
eurgbp,fx,1.5,1.5,2358,0.371,0.609,0.02,-0.1046
eurgbp,fx,1.5,2.0,2358,0.299,0.665,0.036,-0.1067
eurgbp,fx,1.5,3.0,2358,0.197,0.722,0.081,-0.1123
eurgbp,fx,1.5,4.0,2358,0.132,0.746,0.122,-0.1196
eurgbp,fx,2.0,1.0,2358,0.48,0.495,0.025,-0.0567
eurgbp,fx,2.0,1.5,2358,0.359,0.584,0.057,-0.0747
eurgbp,fx,2.0,2.0,2358,0.271,0.628,0.101,-0.0764
eurgbp,fx,2.0,3.0,2358,0.162,0.667,0.171,-0.0765
eurgbp,fx,2.0,4.0,2358,0.088,0.68,0.232,-0.0924
eurjpy,fx,0.5,1.0,2217,0.483,0.517,0.0,-0.1306
eurjpy,fx,0.5,1.5,2217,0.364,0.636,0.0,-0.1859
eurjpy,fx,0.5,2.0,2217,0.297,0.703,0.0,-0.2055
eurjpy,fx,0.5,3.0,2217,0.227,0.772,0.0,-0.1865
eurjpy,fx,0.5,4.0,2217,0.18,0.82,0.001,-0.1964
eurjpy,fx,0.75,1.0,2217,0.457,0.543,0.0,-0.1492
eurjpy,fx,0.75,1.5,2217,0.366,0.634,0.0,-0.1483
eurjpy,fx,0.75,2.0,2217,0.305,0.694,0.001,-0.1471
eurjpy,fx,0.75,3.0,2217,0.223,0.773,0.004,-0.1624
eurjpy,fx,0.75,4.0,2217,0.166,0.823,0.011,-0.203
eurjpy,fx,1.0,1.0,2217,0.471,0.529,0.0,-0.1061
eurjpy,fx,1.0,1.5,2217,0.38,0.619,0.001,-0.0977
eurjpy,fx,1.0,2.0,2217,0.314,0.683,0.003,-0.1018
eurjpy,fx,1.0,3.0,2217,0.214,0.771,0.015,-0.1623
eurjpy,fx,1.0,4.0,2217,0.157,0.808,0.036,-0.1799
eurjpy,fx,1.25,1.0,2217,0.478,0.522,0.0,-0.0821
eurjpy,fx,1.25,1.5,2217,0.38,0.618,0.003,-0.0857
eurjpy,fx,1.25,2.0,2217,0.304,0.686,0.01,-0.1122
eurjpy,fx,1.25,3.0,2217,0.202,0.755,0.043,-0.1433
eurjpy,fx,1.25,4.0,2217,0.136,0.785,0.078,-0.1661
eurjpy,fx,1.5,1.0,2217,0.484,0.513,0.004,-0.0606
eurjpy,fx,1.5,1.5,2217,0.378,0.608,0.014,-0.0685
eurjpy,fx,1.5,2.0,2217,0.299,0.669,0.032,-0.091
eurjpy,fx,1.5,3.0,2217,0.188,0.723,0.089,-0.1074
eurjpy,fx,1.5,4.0,2217,0.12,0.745,0.135,-0.1316
eurjpy,fx,2.0,1.0,2217,0.482,0.498,0.02,-0.0426
eurjpy,fx,2.0,1.5,2217,0.355,0.588,0.056,-0.0689
eurjpy,fx,2.0,2.0,2217,0.266,0.626,0.108,-0.0691
eurjpy,fx,2.0,3.0,2217,0.15,0.659,0.191,-0.0809
eurjpy,fx,2.0,4.0,2217,0.079,0.676,0.245,-0.1124
eurusd,fx,0.5,1.0,2330,0.512,0.488,0.0,-0.0943
eurusd,fx,0.5,1.5,2330,0.374,0.626,0.0,-0.1827
eurusd,fx,0.5,2.0,2330,0.305,0.695,0.0,-0.2029
eurusd,fx,0.5,3.0,2330,0.209,0.791,0.0,-0.2814
eurusd,fx,0.5,4.0,2330,0.167,0.833,0.0,-0.2848
eurusd,fx,0.75,1.0,2330,0.478,0.522,0.0,-0.1235
eurusd,fx,0.75,1.5,2330,0.372,0.628,0.0,-0.1486
eurusd,fx,0.75,2.0,2330,0.293,0.706,0.0,-0.1988
eurusd,fx,0.75,3.0,2330,0.218,0.782,0.0,-0.2061
eurusd,fx,0.75,4.0,2330,0.16,0.838,0.002,-0.2747
eurusd,fx,1.0,1.0,2330,0.48,0.52,0.0,-0.0987
eurusd,fx,1.0,1.5,2330,0.365,0.634,0.001,-0.1462
eurusd,fx,1.0,2.0,2330,0.304,0.694,0.001,-0.1449
eurusd,fx,1.0,3.0,2330,0.214,0.779,0.006,-0.1899
eurusd,fx,1.0,4.0,2330,0.161,0.82,0.018,-0.2071
eurusd,fx,1.25,1.0,2330,0.475,0.525,0.0,-0.098
eurusd,fx,1.25,1.5,2330,0.371,0.627,0.002,-0.1167
eurusd,fx,1.25,2.0,2330,0.307,0.688,0.006,-0.1186
eurusd,fx,1.25,3.0,2330,0.212,0.768,0.02,-0.1602
eurusd,fx,1.25,4.0,2330,0.157,0.8,0.043,-0.1601
eurusd,fx,1.5,1.0,2330,0.474,0.524,0.001,-0.0897
eurusd,fx,1.5,1.5,2330,0.382,0.615,0.003,-0.08
eurusd,fx,1.5,2.0,2330,0.306,0.681,0.013,-0.1019
eurusd,fx,1.5,3.0,2330,0.211,0.742,0.046,-0.0995
eurusd,fx,1.5,4.0,2330,0.143,0.771,0.086,-0.1131
eurusd,fx,2.0,1.0,2330,0.474,0.519,0.006,-0.0735
eurusd,fx,2.0,1.5,2330,0.366,0.61,0.024,-0.0817
eurusd,fx,2.0,2.0,2330,0.285,0.66,0.055,-0.0855
eurusd,fx,2.0,3.0,2330,0.173,0.703,0.124,-0.091
eurusd,fx,2.0,4.0,2330,0.1,0.715,0.185,-0.0909
gbpchf,fx,0.5,1.0,2391,0.517,0.483,0.0,-0.0674
gbpchf,fx,0.5,1.5,2391,0.4,0.6,0.0,-0.1006
gbpchf,fx,0.5,2.0,2391,0.326,0.674,0.0,-0.1226
gbpchf,fx,0.5,3.0,2391,0.234,0.766,0.0,-0.1661
gbpchf,fx,0.5,4.0,2391,0.173,0.826,0.0,-0.2342
gbpchf,fx,0.75,1.0,2391,0.494,0.506,0.0,-0.0789
gbpchf,fx,0.75,1.5,2391,0.384,0.616,0.0,-0.1088
gbpchf,fx,0.75,2.0,2391,0.312,0.688,0.0,-0.1328
gbpchf,fx,0.75,3.0,2391,0.224,0.773,0.003,-0.166
gbpchf,fx,0.75,4.0,2391,0.173,0.82,0.007,-0.1872
gbpchf,fx,1.0,1.0,2391,0.487,0.513,0.0,-0.0762
gbpchf,fx,1.0,1.5,2391,0.379,0.621,0.0,-0.1031
gbpchf,fx,1.0,2.0,2391,0.308,0.689,0.003,-0.1228
gbpchf,fx,1.0,3.0,2391,0.222,0.767,0.011,-0.142
gbpchf,fx,1.0,4.0,2391,0.163,0.808,0.029,-0.1655
gbpchf,fx,1.25,1.0,2391,0.48,0.519,0.001,-0.0796
gbpchf,fx,1.25,1.5,2391,0.376,0.62,0.004,-0.0958
gbpchf,fx,1.25,2.0,2391,0.304,0.683,0.014,-0.1121
gbpchf,fx,1.25,3.0,2391,0.213,0.75,0.037,-0.1211
gbpchf,fx,1.25,4.0,2391,0.147,0.786,0.066,-0.1494
gbpchf,fx,1.5,1.0,2391,0.483,0.514,0.004,-0.0646
gbpchf,fx,1.5,1.5,2391,0.37,0.615,0.015,-0.0912
gbpchf,fx,1.5,2.0,2391,0.299,0.673,0.029,-0.1002
gbpchf,fx,1.5,3.0,2391,0.196,0.731,0.072,-0.1169
gbpchf,fx,1.5,4.0,2391,0.133,0.753,0.114,-0.1137
gbpchf,fx,2.0,1.0,2391,0.475,0.507,0.018,-0.057
gbpchf,fx,2.0,1.5,2391,0.363,0.589,0.048,-0.0611
gbpchf,fx,2.0,2.0,2391,0.27,0.639,0.091,-0.0835
gbpchf,fx,2.0,3.0,2391,0.161,0.674,0.164,-0.0788
gbpchf,fx,2.0,4.0,2391,0.09,0.69,0.221,-0.0987
gbpjpy,fx,0.5,1.0,2276,0.486,0.514,0.0,-0.0973
gbpjpy,fx,0.5,1.5,2276,0.386,0.614,0.0,-0.1037
gbpjpy,fx,0.5,2.0,2276,0.319,0.681,0.0,-0.1136
gbpjpy,fx,0.5,3.0,2276,0.232,0.768,0.0,-0.1395
gbpjpy,fx,0.5,4.0,2276,0.183,0.816,0.001,-0.151
gbpjpy,fx,0.75,1.0,2276,0.485,0.515,0.0,-0.0769
gbpjpy,fx,0.75,1.5,2276,0.377,0.623,0.0,-0.1042
gbpjpy,fx,0.75,2.0,2276,0.314,0.685,0.001,-0.1025
gbpjpy,fx,0.75,3.0,2276,0.227,0.77,0.003,-0.1334
gbpjpy,fx,0.75,4.0,2276,0.168,0.822,0.01,-0.1842
gbpjpy,fx,1.0,1.0,2276,0.488,0.512,0.0,-0.0587
gbpjpy,fx,1.0,1.5,2276,0.384,0.615,0.001,-0.0738
gbpjpy,fx,1.0,2.0,2276,0.316,0.681,0.003,-0.0813
gbpjpy,fx,1.0,3.0,2276,0.219,0.767,0.014,-0.1318
gbpjpy,fx,1.0,4.0,2276,0.156,0.81,0.033,-0.1715
gbpjpy,fx,1.25,1.0,2276,0.483,0.516,0.001,-0.06
gbpjpy,fx,1.25,1.5,2276,0.377,0.617,0.005,-0.0773
gbpjpy,fx,1.25,2.0,2276,0.305,0.681,0.014,-0.091
gbpjpy,fx,1.25,3.0,2276,0.2,0.753,0.047,-0.1388
gbpjpy,fx,1.25,4.0,2276,0.14,0.779,0.081,-0.1354
gbpjpy,fx,1.5,1.0,2276,0.476,0.519,0.004,-0.0656
gbpjpy,fx,1.5,1.5,2276,0.37,0.614,0.016,-0.0805
gbpjpy,fx,1.5,2.0,2276,0.291,0.671,0.038,-0.0976
gbpjpy,fx,1.5,3.0,2276,0.185,0.725,0.091,-0.1182
gbpjpy,fx,1.5,4.0,2276,0.119,0.743,0.138,-0.1082
gbpjpy,fx,2.0,1.0,2276,0.472,0.502,0.025,-0.0453
gbpjpy,fx,2.0,1.5,2276,0.346,0.582,0.072,-0.0632
gbpjpy,fx,2.0,2.0,2276,0.256,0.624,0.12,-0.0828
gbpjpy,fx,2.0,3.0,2276,0.146,0.65,0.204,-0.0618
gbpjpy,fx,2.0,4.0,2276,0.077,0.662,0.261,-0.0642
gbpusd,fx,0.5,1.0,2430,0.51,0.49,0.0,-0.068
gbpusd,fx,0.5,1.5,2430,0.383,0.617,0.0,-0.1318
gbpusd,fx,0.5,2.0,2430,0.313,0.687,0.0,-0.1491
gbpusd,fx,0.5,3.0,2430,0.225,0.775,0.0,-0.1898
gbpusd,fx,0.5,4.0,2430,0.18,0.82,0.0,-0.1894
gbpusd,fx,0.75,1.0,2430,0.482,0.518,0.0,-0.0953
gbpusd,fx,0.75,1.5,2430,0.377,0.623,0.0,-0.1167
gbpusd,fx,0.75,2.0,2430,0.307,0.693,0.0,-0.1393
gbpusd,fx,0.75,3.0,2430,0.229,0.77,0.001,-0.1403
gbpusd,fx,0.75,4.0,2430,0.176,0.823,0.002,-0.1764
gbpusd,fx,1.0,1.0,2430,0.481,0.518,0.0,-0.0805
gbpusd,fx,1.0,1.5,2430,0.375,0.625,0.0,-0.1063
gbpusd,fx,1.0,2.0,2430,0.313,0.686,0.0,-0.104
gbpusd,fx,1.0,3.0,2430,0.223,0.775,0.002,-0.1485
gbpusd,fx,1.0,4.0,2430,0.178,0.812,0.009,-0.1283
gbpusd,fx,1.25,1.0,2430,0.472,0.527,0.0,-0.0899
gbpusd,fx,1.25,1.5,2430,0.371,0.628,0.001,-0.1063
gbpusd,fx,1.25,2.0,2430,0.309,0.689,0.002,-0.1058
gbpusd,fx,1.25,3.0,2430,0.228,0.762,0.01,-0.1046
gbpusd,fx,1.25,4.0,2430,0.169,0.795,0.036,-0.1073
gbpusd,fx,1.5,1.0,2430,0.469,0.531,0.0,-0.0914
gbpusd,fx,1.5,1.5,2430,0.375,0.623,0.002,-0.0898
gbpusd,fx,1.5,2.0,2430,0.305,0.688,0.007,-0.103
gbpusd,fx,1.5,3.0,2430,0.213,0.747,0.04,-0.1005
gbpusd,fx,1.5,4.0,2430,0.143,0.776,0.081,-0.1163
gbpusd,fx,2.0,1.0,2430,0.476,0.522,0.002,-0.0679
gbpusd,fx,2.0,1.5,2430,0.372,0.61,0.018,-0.069
gbpusd,fx,2.0,2.0,2430,0.298,0.654,0.049,-0.0565
gbpusd,fx,2.0,3.0,2430,0.178,0.698,0.123,-0.0689
gbpusd,fx,2.0,4.0,2430,0.107,0.717,0.177,-0.0831
gold,commodity,0.5,1.0,1014,0.463,0.537,0.0,-0.1427
gold,commodity,0.5,1.5,1014,0.35,0.65,0.0,-0.1925
gold,commodity,0.5,2.0,1014,0.27,0.73,0.0,-0.2571
gold,commodity,0.5,3.0,1014,0.209,0.79,0.001,-0.2302
gold,commodity,0.5,4.0,1014,0.169,0.826,0.005,-0.2079
gold,commodity,0.75,1.0,1014,0.45,0.55,0.0,-0.1457
gold,commodity,0.75,1.5,1014,0.344,0.656,0.0,-0.1847
gold,commodity,0.75,2.0,1014,0.293,0.705,0.002,-0.1627
gold,commodity,0.75,3.0,1014,0.216,0.766,0.018,-0.1357
gold,commodity,0.75,4.0,1014,0.153,0.803,0.044,-0.1491
gold,commodity,1.0,1.0,1014,0.457,0.543,0.0,-0.1207
gold,commodity,1.0,1.5,1014,0.368,0.621,0.011,-0.0977
gold,commodity,1.0,2.0,1014,0.306,0.667,0.028,-0.0696
gold,commodity,1.0,3.0,1014,0.194,0.731,0.075,-0.0881
gold,commodity,1.0,4.0,1014,0.131,0.757,0.111,-0.0944
gold,commodity,1.25,1.0,1014,0.466,0.522,0.012,-0.0844
gold,commodity,1.25,1.5,1014,0.371,0.594,0.036,-0.0536
gold,commodity,1.25,2.0,1014,0.283,0.646,0.071,-0.0617
gold,commodity,1.25,3.0,1014,0.163,0.694,0.143,-0.082
gold,commodity,1.25,4.0,1014,0.111,0.706,0.182,-0.0469
gold,commodity,1.5,1.0,1014,0.46,0.503,0.037,-0.066
gold,commodity,1.5,1.5,1014,0.341,0.577,0.082,-0.0591
gold,commodity,1.5,2.0,1014,0.249,0.619,0.132,-0.066
gold,commodity,1.5,3.0,1014,0.147,0.652,0.201,-0.0579
gold,commodity,1.5,4.0,1014,0.088,0.665,0.248,-0.0472
gold,commodity,2.0,1.0,1014,0.43,0.461,0.109,-0.0445
gold,commodity,2.0,1.5,1014,0.291,0.52,0.189,-0.0473
gold,commodity,2.0,2.0,1014,0.198,0.544,0.257,-0.0493
gold,commodity,2.0,3.0,1014,0.107,0.56,0.332,-0.0222
gold,commodity,2.0,4.0,1014,0.065,0.567,0.368,-0.0068
nq,index,0.5,1.0,762,0.445,0.555,0.0,-0.1734
nq,index,0.5,1.5,762,0.322,0.678,0.0,-0.2594
nq,index,0.5,2.0,762,0.257,0.743,0.0,-0.2915
nq,index,0.5,3.0,762,0.186,0.814,0.0,-0.3178
nq,index,0.5,4.0,762,0.142,0.858,0.0,-0.3545
nq,index,0.75,1.0,762,0.45,0.55,0.0,-0.1418
nq,index,0.75,1.5,762,0.352,0.647,0.001,-0.1605
nq,index,0.75,2.0,762,0.287,0.711,0.001,-0.1776
nq,index,0.75,3.0,762,0.206,0.793,0.001,-0.2156
nq,index,0.75,4.0,762,0.159,0.839,0.003,-0.2409
nq,index,1.0,1.0,762,0.45,0.55,0.0,-0.1313
nq,index,1.0,1.5,762,0.352,0.647,0.001,-0.1503
nq,index,1.0,2.0,762,0.282,0.714,0.004,-0.1784
nq,index,1.0,3.0,762,0.206,0.786,0.008,-0.1937
nq,index,1.0,4.0,762,0.151,0.827,0.022,-0.2279
nq,index,1.25,1.0,762,0.44,0.559,0.001,-0.1441
nq,index,1.25,1.5,762,0.346,0.65,0.004,-0.1529
nq,index,1.25,2.0,762,0.272,0.718,0.01,-0.1956
nq,index,1.25,3.0,762,0.198,0.772,0.03,-0.1782
nq,index,1.25,4.0,762,0.127,0.811,0.062,-0.2445
nq,index,1.5,1.0,762,0.446,0.549,0.005,-0.1259
nq,index,1.5,1.5,762,0.341,0.644,0.014,-0.1537
nq,index,1.5,2.0,762,0.282,0.693,0.025,-0.1414
nq,index,1.5,3.0,762,0.171,0.761,0.068,-0.2118
nq,index,1.5,4.0,762,0.096,0.782,0.122,-0.2577
nq,index,2.0,1.0,762,0.423,0.549,0.029,-0.1443
nq,index,2.0,1.5,762,0.327,0.619,0.054,-0.1402
nq,index,2.0,2.0,762,0.24,0.665,0.094,-0.1588
nq,index,2.0,3.0,762,0.115,0.706,0.178,-0.2268
nq,index,2.0,4.0,762,0.06,0.726,0.214,-0.2637
nzdjpy,fx,0.5,1.0,2210,0.485,0.515,0.0,-0.1672
nzdjpy,fx,0.5,1.5,2210,0.377,0.623,0.0,-0.1941
nzdjpy,fx,0.5,2.0,2210,0.305,0.695,0.0,-0.2201
nzdjpy,fx,0.5,3.0,2210,0.22,0.78,0.0,-0.255
nzdjpy,fx,0.5,4.0,2210,0.17,0.829,0.0,-0.2844
nzdjpy,fx,0.75,1.0,2210,0.48,0.52,0.0,-0.1308
nzdjpy,fx,0.75,1.5,2210,0.371,0.629,0.0,-0.1645
nzdjpy,fx,0.75,2.0,2210,0.301,0.699,0.0,-0.1882
nzdjpy,fx,0.75,3.0,2210,0.218,0.78,0.002,-0.2152
nzdjpy,fx,0.75,4.0,2210,0.175,0.821,0.005,-0.2079
nzdjpy,fx,1.0,1.0,2210,0.48,0.52,0.0,-0.108
nzdjpy,fx,1.0,1.5,2210,0.373,0.626,0.001,-0.1352
nzdjpy,fx,1.0,2.0,2210,0.302,0.696,0.002,-0.1605
nzdjpy,fx,1.0,3.0,2210,0.226,0.766,0.009,-0.1485
nzdjpy,fx,1.0,4.0,2210,0.163,0.812,0.025,-0.1908
nzdjpy,fx,1.25,1.0,2210,0.474,0.525,0.0,-0.1056
nzdjpy,fx,1.25,1.5,2210,0.358,0.638,0.004,-0.1551
nzdjpy,fx,1.25,2.0,2210,0.301,0.693,0.006,-0.1426
nzdjpy,fx,1.25,3.0,2210,0.206,0.766,0.028,-0.1763
nzdjpy,fx,1.25,4.0,2210,0.141,0.799,0.061,-0.195
nzdjpy,fx,1.5,1.0,2210,0.476,0.523,0.001,-0.092
nzdjpy,fx,1.5,1.5,2210,0.369,0.624,0.007,-0.1169
nzdjpy,fx,1.5,2.0,2210,0.305,0.678,0.017,-0.1072
nzdjpy,fx,1.5,3.0,2210,0.189,0.746,0.065,-0.1591
nzdjpy,fx,1.5,4.0,2210,0.115,0.776,0.109,-0.2048
nzdjpy,fx,2.0,1.0,2210,0.471,0.519,0.01,-0.0834
nzdjpy,fx,2.0,1.5,2210,0.362,0.604,0.034,-0.0869
nzdjpy,fx,2.0,2.0,2210,0.263,0.657,0.08,-0.121
nzdjpy,fx,2.0,3.0,2210,0.145,0.7,0.156,-0.1473
nzdjpy,fx,2.0,4.0,2210,0.09,0.711,0.198,-0.1484
nzdusd,fx,0.5,1.0,2148,0.515,0.485,0.0,-0.1124
nzdusd,fx,0.5,1.5,2148,0.404,0.596,0.0,-0.1329
nzdusd,fx,0.5,2.0,2148,0.337,0.663,0.0,-0.1319
nzdusd,fx,0.5,3.0,2148,0.245,0.755,0.0,-0.1636
nzdusd,fx,0.5,4.0,2148,0.192,0.808,0.0,-0.1841
nzdusd,fx,0.75,1.0,2148,0.502,0.498,0.0,-0.0916
nzdusd,fx,0.75,1.5,2148,0.395,0.605,0.0,-0.1084
nzdusd,fx,0.75,2.0,2148,0.323,0.677,0.0,-0.1261
nzdusd,fx,0.75,3.0,2148,0.234,0.766,0.0,-0.1587
nzdusd,fx,0.75,4.0,2148,0.175,0.824,0.0,-0.2188
nzdusd,fx,1.0,1.0,2148,0.497,0.503,0.0,-0.0771
nzdusd,fx,1.0,1.5,2148,0.389,0.611,0.0,-0.0986
nzdusd,fx,1.0,2.0,2148,0.319,0.681,0.0,-0.1135
nzdusd,fx,1.0,3.0,2148,0.224,0.773,0.003,-0.1685
nzdusd,fx,1.0,4.0,2148,0.167,0.822,0.011,-0.2123
nzdusd,fx,1.25,1.0,2148,0.495,0.505,0.0,-0.0665
nzdusd,fx,1.25,1.5,2148,0.389,0.61,0.0,-0.0837
nzdusd,fx,1.25,2.0,2148,0.313,0.685,0.002,-0.1158
nzdusd,fx,1.25,3.0,2148,0.221,0.767,0.013,-0.1511
nzdusd,fx,1.25,4.0,2148,0.152,0.81,0.038,-0.2051
nzdusd,fx,1.5,1.0,2148,0.492,0.508,0.0,-0.0641
nzdusd,fx,1.5,1.5,2148,0.383,0.614,0.003,-0.0868
nzdusd,fx,1.5,2.0,2148,0.304,0.686,0.01,-0.1201
nzdusd,fx,1.5,3.0,2148,0.204,0.76,0.036,-0.1647
nzdusd,fx,1.5,4.0,2148,0.13,0.79,0.08,-0.2
nzdusd,fx,2.0,1.0,2148,0.473,0.52,0.007,-0.082
nzdusd,fx,2.0,1.5,2148,0.361,0.613,0.026,-0.1008
nzdusd,fx,2.0,2.0,2148,0.28,0.668,0.053,-0.1177
nzdusd,fx,2.0,3.0,2148,0.158,0.721,0.121,-0.1649
nzdusd,fx,2.0,4.0,2148,0.088,0.732,0.18,-0.1697
spx,index,0.5,1.0,775,0.459,0.541,0.0,-0.3529
spx,index,0.5,1.5,775,0.334,0.666,0.0,-0.4361
spx,index,0.5,2.0,775,0.284,0.716,0.0,-0.42
spx,index,0.5,3.0,775,0.217,0.783,0.0,-0.4045
spx,index,0.5,4.0,775,0.173,0.826,0.001,-0.4024
spx,index,0.75,1.0,775,0.441,0.559,0.0,-0.2985
spx,index,0.75,1.5,775,0.361,0.639,0.0,-0.2778
spx,index,0.75,2.0,775,0.311,0.688,0.001,-0.2474
spx,index,0.75,3.0,775,0.23,0.766,0.004,-0.255
spx,index,0.75,4.0,775,0.164,0.823,0.013,-0.3362
spx,index,1.0,1.0,775,0.458,0.541,0.001,-0.2181
spx,index,1.0,1.5,775,0.37,0.627,0.003,-0.2075
spx,index,1.0,2.0,775,0.306,0.689,0.005,-0.2107
spx,index,1.0,3.0,775,0.212,0.772,0.017,-0.2617
spx,index,1.0,4.0,775,0.148,0.806,0.045,-0.2795
spx,index,1.25,1.0,775,0.484,0.515,0.001,-0.1394
spx,index,1.25,1.5,775,0.392,0.6,0.008,-0.1187
spx,index,1.25,2.0,775,0.323,0.659,0.018,-0.118
spx,index,1.25,3.0,775,0.219,0.73,0.05,-0.1384
spx,index,1.25,4.0,775,0.138,0.769,0.093,-0.1958
spx,index,1.5,1.0,775,0.49,0.501,0.009,-0.1017
spx,index,1.5,1.5,775,0.392,0.585,0.023,-0.0826
spx,index,1.5,2.0,775,0.315,0.645,0.04,-0.0933
spx,index,1.5,3.0,775,0.194,0.707,0.099,-0.1244
spx,index,1.5,4.0,775,0.114,0.733,0.154,-0.1803
spx,index,2.0,1.0,775,0.481,0.484,0.035,-0.0719
spx,index,2.0,1.5,775,0.363,0.568,0.07,-0.0837
spx,index,2.0,2.0,775,0.258,0.614,0.128,-0.101
spx,index,2.0,3.0,775,0.132,0.654,0.214,-0.1593
spx,index,2.0,4.0,775,0.057,0.672,0.271,-0.2276
usdcad,fx,0.5,1.0,2247,0.507,0.493,0.0,-0.0942
usdcad,fx,0.5,1.5,2247,0.39,0.61,0.0,-0.1322
usdcad,fx,0.5,2.0,2247,0.323,0.677,0.0,-0.1387
usdcad,fx,0.5,3.0,2247,0.23,0.77,0.0,-0.1876
usdcad,fx,0.5,4.0,2247,0.186,0.814,0.0,-0.1778
usdcad,fx,0.75,1.0,2247,0.481,0.518,0.0,-0.1094
usdcad,fx,0.75,1.5,2247,0.385,0.614,0.0,-0.108
usdcad,fx,0.75,2.0,2247,0.312,0.687,0.001,-0.1351
usdcad,fx,0.75,3.0,2247,0.229,0.769,0.002,-0.1541
usdcad,fx,0.75,4.0,2247,0.17,0.824,0.007,-0.2088
usdcad,fx,1.0,1.0,2247,0.476,0.523,0.0,-0.1012
usdcad,fx,1.0,1.5,2247,0.372,0.627,0.001,-0.1218
usdcad,fx,1.0,2.0,2247,0.313,0.686,0.001,-0.1137
usdcad,fx,1.0,3.0,2247,0.219,0.773,0.008,-0.1598
usdcad,fx,1.0,4.0,2247,0.161,0.822,0.018,-0.2084
usdcad,fx,1.25,1.0,2247,0.473,0.526,0.001,-0.0971
usdcad,fx,1.25,1.5,2247,0.374,0.624,0.002,-0.1065
usdcad,fx,1.25,2.0,2247,0.307,0.687,0.006,-0.1131
usdcad,fx,1.25,3.0,2247,0.208,0.77,0.022,-0.1701
usdcad,fx,1.25,4.0,2247,0.146,0.808,0.047,-0.2067
usdcad,fx,1.5,1.0,2247,0.464,0.534,0.002,-0.1065
usdcad,fx,1.5,1.5,2247,0.381,0.614,0.005,-0.0788
usdcad,fx,1.5,2.0,2247,0.304,0.68,0.015,-0.1005
usdcad,fx,1.5,3.0,2247,0.197,0.751,0.052,-0.1441
usdcad,fx,1.5,4.0,2247,0.13,0.781,0.088,-0.1746
usdcad,fx,2.0,1.0,2247,0.478,0.508,0.014,-0.058
usdcad,fx,2.0,1.5,2247,0.364,0.603,0.033,-0.0772
usdcad,fx,2.0,2.0,2247,0.278,0.654,0.068,-0.0941
usdcad,fx,2.0,3.0,2247,0.162,0.699,0.139,-0.1245
usdcad,fx,2.0,4.0,2247,0.093,0.714,0.193,-0.1324
usdchf,fx,0.5,1.0,2294,0.492,0.508,0.0,-0.1551
usdchf,fx,0.5,1.5,2294,0.379,0.621,0.0,-0.1912
usdchf,fx,0.5,2.0,2294,0.309,0.691,0.0,-0.2135
usdchf,fx,0.5,3.0,2294,0.219,0.781,0.0,-0.2623
usdchf,fx,0.5,4.0,2294,0.17,0.83,0.0,-0.2871
usdchf,fx,0.75,1.0,2294,0.482,0.518,0.0,-0.1287
usdchf,fx,0.75,1.5,2294,0.377,0.623,0.0,-0.1502
usdchf,fx,0.75,2.0,2294,0.302,0.698,0.0,-0.1866
usdchf,fx,0.75,3.0,2294,0.228,0.772,0.0,-0.181
usdchf,fx,0.75,4.0,2294,0.171,0.828,0.001,-0.2372
usdchf,fx,1.0,1.0,2294,0.478,0.522,0.0,-0.1133
usdchf,fx,1.0,1.5,2294,0.372,0.628,0.0,-0.1401
usdchf,fx,1.0,2.0,2294,0.305,0.695,0.0,-0.1543
usdchf,fx,1.0,3.0,2294,0.218,0.78,0.001,-0.194
usdchf,fx,1.0,4.0,2294,0.165,0.827,0.009,-0.2228
usdchf,fx,1.25,1.0,2294,0.479,0.521,0.0,-0.0976
usdchf,fx,1.25,1.5,2294,0.379,0.621,0.0,-0.1084
usdchf,fx,1.25,2.0,2294,0.309,0.69,0.001,-0.1268
usdchf,fx,1.25,3.0,2294,0.218,0.769,0.014,-0.1616
usdchf,fx,1.25,4.0,2294,0.166,0.802,0.032,-0.1528
usdchf,fx,1.5,1.0,2294,0.477,0.523,0.0,-0.0926
usdchf,fx,1.5,1.5,2294,0.378,0.621,0.001,-0.0992
usdchf,fx,1.5,2.0,2294,0.306,0.687,0.008,-0.1198
usdchf,fx,1.5,3.0,2294,0.214,0.751,0.035,-0.1223
usdchf,fx,1.5,4.0,2294,0.143,0.776,0.082,-0.1294
usdchf,fx,2.0,1.0,2294,0.486,0.512,0.002,-0.0614
usdchf,fx,2.0,1.5,2294,0.377,0.605,0.017,-0.0721
usdchf,fx,2.0,2.0,2294,0.293,0.662,0.045,-0.0885
usdchf,fx,2.0,3.0,2294,0.176,0.703,0.121,-0.0877
usdchf,fx,2.0,4.0,2294,0.101,0.716,0.183,-0.0988
usdjpy,fx,0.5,1.0,2070,0.499,0.501,0.0,-0.1076
usdjpy,fx,0.5,1.5,2070,0.39,0.61,0.0,-0.131
usdjpy,fx,0.5,2.0,2070,0.319,0.68,0.0,-0.1475
usdjpy,fx,0.5,3.0,2070,0.229,0.771,0.001,-0.191
usdjpy,fx,0.5,4.0,2070,0.17,0.828,0.002,-0.2524
usdjpy,fx,0.75,1.0,2070,0.475,0.525,0.0,-0.1207
usdjpy,fx,0.75,1.5,2070,0.366,0.633,0.001,-0.1551
usdjpy,fx,0.75,2.0,2070,0.297,0.701,0.002,-0.1781
usdjpy,fx,0.75,3.0,2070,0.205,0.785,0.01,-0.2294
usdjpy,fx,0.75,4.0,2070,0.161,0.823,0.016,-0.227
usdjpy,fx,1.0,1.0,2070,0.466,0.533,0.001,-0.1204
usdjpy,fx,1.0,1.5,2070,0.357,0.638,0.005,-0.1558
usdjpy,fx,1.0,2.0,2070,0.284,0.704,0.012,-0.1828
usdjpy,fx,1.0,3.0,2070,0.2,0.775,0.026,-0.2067
usdjpy,fx,1.0,4.0,2070,0.148,0.803,0.048,-0.1871
usdjpy,fx,1.25,1.0,2070,0.455,0.54,0.005,-0.1286
usdjpy,fx,1.25,1.5,2070,0.352,0.635,0.013,-0.1467
usdjpy,fx,1.25,2.0,2070,0.275,0.695,0.03,-0.1715
usdjpy,fx,1.25,3.0,2070,0.185,0.755,0.06,-0.1853
usdjpy,fx,1.25,4.0,2070,0.127,0.778,0.095,-0.1765
usdjpy,fx,1.5,1.0,2070,0.45,0.536,0.014,-0.1225
usdjpy,fx,1.5,1.5,2070,0.331,0.633,0.036,-0.1635
usdjpy,fx,1.5,2.0,2070,0.255,0.691,0.055,-0.192
usdjpy,fx,1.5,3.0,2070,0.162,0.734,0.103,-0.1813
usdjpy,fx,1.5,4.0,2070,0.107,0.757,0.135,-0.1941
usdjpy,fx,2.0,1.0,2070,0.431,0.522,0.047,-0.1172
usdjpy,fx,2.0,1.5,2070,0.303,0.609,0.088,-0.1606
usdjpy,fx,2.0,2.0,2070,0.228,0.643,0.13,-0.1533
usdjpy,fx,2.0,3.0,2070,0.125,0.676,0.199,-0.1649
usdjpy,fx,2.0,4.0,2070,0.07,0.691,0.239,-0.185
