kind,events,mean_r_long,mean_r_short,best_dir_mean_r,median_wick_atr,median_conf
m15_swing_high,39160,-0.2606768071586714,-0.2870813015406939,-0.2606768071586714,-0.40651847171533184,6.0
m15_swing_low,37736,-0.23448325319962834,-0.3124738916411203,-0.23448325319962834,-0.4252607830969114,6.0
round_10,16749,-0.1893280512994251,-0.2136877145629035,-0.1893280512994251,-0.3793905208706405,6.0
h1_swing_high,8862,-0.2479451019646227,-0.3149728609355097,-0.2479451019646227,-0.47997717497910103,6.0
dopen,8615,-0.28341801885881224,-0.25834547097721033,-0.25834547097721033,-0.1574995896280155,5.0
pdc,8480,-0.2731392121671368,-0.27337506122374056,-0.2731392121671368,-0.16705984037284377,5.0
h1_swing_low,8450,-0.23739639736852294,-0.33538456304899633,-0.23739639736852294,-0.5108716028319388,7.0
d1_poc,7627,-0.27120663580823173,-0.2735666725199139,-0.27120663580823173,-0.36204952833842863,7.0
d1_vah,7520,-0.26312240088466443,-0.28333516684211124,-0.26312240088466443,-0.3816232667471514,6.0
d1_val,7275,-0.22669257756119573,-0.314390172062914,-0.22669257756119573,-0.39812593651751493,6.0
pd_mid,7033,-0.23763882962137708,-0.3044666413660095,-0.23763882962137708,-0.37637740342061327,6.0
d1_cam_r1,6907,-0.265456927407691,-0.28543665811566843,-0.265456927407691,-0.33267477861685446,5.0
m15_fvg_bull,6835,-0.06202017390273886,-0.20457684766055925,-0.06202017390273886,-0.6856589408576067,5.0
d1_cam_s1,6808,-0.25700071563464155,-0.2913720434842303,-0.25700071563464155,-0.31637503814714657,5.0
m15_fvg_bear,6165,-0.1816636477670146,-0.09514049593477725,-0.09514049593477725,-0.6605696710975449,5.0
d1_pp,6146,-0.2565840725933296,-0.297260935593655,-0.2565840725933296,-0.32356181878771484,6.0
pdh,6084,-0.25645278826571516,-0.3083923017436902,-0.25645278826571516,-0.4511184860499361,6.0
d1_cam_r2,5973,-0.3025313118077011,-0.2456084924539425,-0.2456084924539425,-0.3656055222127867,5.0
asia_mid,5835,-0.2596476937871802,-0.2757573767349094,-0.2596476937871802,-0.3626852144684335,6.0
d1_cam_s2,5805,-0.24319960832836154,-0.31417290720863716,-0.24319960832836154,-0.36571681775247267,5.0
london_mid,5649,-0.24813004193218374,-0.25096240164186684,-0.24813004193218374,-0.33388248444428487,6.0
pdl,5604,-0.2500680218537066,-0.33786245440188645,-0.2500680218537066,-0.4689462330728037,7.0
asia_high,5148,-0.2756475632821511,-0.27603606367065153,-0.2756475632821511,-0.4051665351743116,6.0
d1_cam_r3,5145,-0.26680663097251806,-0.2722488078432663,-0.26680663097251806,-0.379525572249619,5.0
d1_cam_s3,4955,-0.2084691037155957,-0.33682430048653417,-0.2084691037155957,-0.3937948952452817,5.0
asia_low,4899,-0.2563284935966506,-0.30490983672790184,-0.2563284935966506,-0.41888109776854615,7.0
london_high,4877,-0.28843124391364766,-0.23799039913201964,-0.23799039913201964,-0.4007845518663108,7.0
london_low,4656,-0.20462078952064586,-0.3236070438161785,-0.20462078952064586,-0.4285991624290866,7.0
m15_ob_bear,4220,-0.13844244768137928,-0.08089483108759099,-0.08089483108759099,-0.9610478893785365,5.0
m15_ob_bull,4217,-0.044748442608308056,-0.17694430022642166,-0.044748442608308056,-1.0245566971981779,6.0
round_50,3911,-0.16053073691903444,-0.17587208184360617,-0.16053073691903444,-0.37854176883427226,7.0
d1_r1,3563,-0.2983839748808303,-0.23551560552916037,-0.23551560552916037,-0.3979642451583548,5.0
d1_s1,3332,-0.223538317020589,-0.3201769724827739,-0.223538317020589,-0.4208692883986719,5.0
d1_cam_r4,3225,-0.2950765065711284,-0.22685945230756246,-0.22685945230756246,-0.4115045778679443,5.0
d1_cam_s4,3093,-0.19603233334063402,-0.336995799231355,-0.19603233334063402,-0.43918960141513047,5.0
d1_npoc,2271,-0.26698103190494227,-0.31013382802999734,-0.26698103190494227,-0.5756119936307922,6.0
d1_r2,1868,-0.27163126416549094,-0.23522869457234322,-0.23522869457234322,-0.3958393405836197,3.0
d1_s2,1692,-0.19587510556831203,-0.3294448455210307,-0.19587510556831203,-0.4247382696009363,4.0
wopen,1491,-0.28776673676387915,-0.20325969451035805,-0.20325969451035805,-0.15212204606486554,8.0
pwc,1486,-0.2874996835627077,-0.2054000873312138,-0.2054000873312138,-0.1708029728066202,8.0
w1_pp,1255,-0.2940561813117705,-0.2350920378854757,-0.2350920378854757,-0.42098004891257457,5.0
pw_mid,1119,-0.24799754234084556,-0.2855310544051887,-0.24799754234084556,-0.4368149636859617,5.0
w1_vah,1118,-0.24935638794412363,-0.2833456544915297,-0.24935638794412363,-0.44350844187160054,5.0
d1_r3,1111,-0.22916929324369445,-0.2687732536397341,-0.22916929324369445,-0.4108495136251496,2.0
w1_poc,1102,-0.24710622372679475,-0.26888480811880927,-0.24710622372679475,-0.41604981679396863,7.0
w1_val,1048,-0.22010626548989892,-0.3117093189250134,-0.22010626548989892,-0.4477834141224095,5.0
pwh,1018,-0.18813085927118953,-0.33547859993916596,-0.18813085927118953,-0.488986110851712,4.0
w1_r1,1017,-0.2452870348992311,-0.2452870348992311,-0.2452870348992311,-0.4520639695687173,2.0
d1_s3,991,-0.13934465463116727,-0.3694152903526607,-0.13934465463116727,-0.43476828627760383,4.0
h1_ob_bull,933,0.042844214741099174,-0.17889562006851223,0.042844214741099174,-1.440964161612692,7.0
h1_ob_bear,915,-0.12398151948461696,-0.015296996280060217,-0.015296996280060217,-1.4259354823143724,6.0
pwl,840,-0.21383821313321708,-0.3186001178951218,-0.21383821313321708,-0.5118403686325543,4.0
w1_s1,824,-0.15709104405522606,-0.33670269454066293,-0.15709104405522606,-0.4713989693299291,2.5
w1_r2,675,-0.23179635552096528,-0.25846302218763195,-0.23179635552096528,-0.4416149276352308,1.0
h1_fvg_bull,524,-0.010228289602710217,-0.1815136354312611,-0.010228289602710217,-1.2788479331454756,5.0
h1_fvg_bear,476,-0.1028314916640363,-0.05872249123785014,-0.05872249123785014,-1.2956227780380218,6.0
w1_s2,443,-0.19314096036063744,-0.2698903960265516,-0.19314096036063744,-0.447199852464481,1.0
w1_npoc,387,-0.24195809403493457,-0.2677978873165883,-0.24195809403493457,-0.6932631401887798,7.0
w1_r3,381,-0.1623055128243686,-0.26204304563276754,-0.1623055128243686,-0.4594978286592528,1.0
w1_s3,234,-0.10594481087279889,-0.3709020758300638,-0.10594481087279889,-0.43251252390676853,1.0
