zlb,cls,h,outcome,pred,demean,t,r,n_dates,mde_r,abs_t
126,FX,1,rng,convexity,True,-5.784658394164959,-0.11119281587529116,2675,0.05413724338655716,5.784658394164959
252,FX,1,rng,convexity,True,-5.784658394164959,-0.11119281587529116,2675,0.05413724338655716,5.784658394164959
252,FX,1,rng,updn,True,-5.443541085612548,-0.10470997034929323,2675,0.05413724338655716,5.443541085612548
126,FX,1,rng,updn,True,-5.443541085612548,-0.10470997034929323,2675,0.05413724338655716,5.443541085612548
252,FX,1,rng,skew_ratio,True,-5.4435071569888995,-0.10470932486624676,2675,0.05413724338655716,5.4435071569888995
126,FX,1,rng,skew_ratio,True,-5.4435071569888995,-0.10470932486624676,2675,0.05413724338655716,5.4435071569888995
252,all,1,rng,convexity,True,-4.917185128778997,-0.09468075187224761,2675,0.05413724338655716,4.917185128778997
126,all,1,rng,convexity,True,-4.917185128778997,-0.09468075187224761,2675,0.05413724338655716,4.917185128778997
252,all,1,rng,updn,True,-4.556843335880613,-0.08779792647793547,2675,0.05413724338655716,4.556843335880613
126,all,1,rng,updn,True,-4.556843335880613,-0.08779792647793547,2675,0.05413724338655716,4.556843335880613
126,all,1,rng,skew_ratio,True,-4.556721789679175,-0.08779560266605342,2675,0.05413724338655716,4.556721789679175
252,all,1,rng,skew_ratio,True,-4.556721789679175,-0.08779560266605342,2675,0.05413724338655716,4.556721789679175
126,FX,1,rng,updn,False,-3.286993792143428,-0.06344880681530914,2675,0.05413724338655716,3.286993792143428
252,FX,1,rng,updn,False,-3.286993792143428,-0.06344880681530914,2675,0.05413724338655716,3.286993792143428
126,FX,1,rng,skew_ratio,False,-3.286916504534112,-0.06344732093912855,2675,0.05413724338655716,3.286916504534112
252,FX,1,rng,skew_ratio,False,-3.286916504534112,-0.06344732093912855,2675,0.05413724338655716,3.286916504534112
126,all,1,rng,updn,False,-2.560832190496514,-0.04947087030362177,2675,0.05413724338655716,2.560832190496514
252,all,1,rng,updn,False,-2.560832190496514,-0.04947087030362177,2675,0.05413724338655716,2.560832190496514
126,all,1,rng,skew_ratio,False,-2.5607169087171604,-0.0494686487080944,2675,0.05413724338655716,2.5607169087171604
252,all,1,rng,skew_ratio,False,-2.5607169087171604,-0.0494686487080944,2675,0.05413724338655716,2.5607169087171604
126,FX,1,rng,convexity,False,-2.559322611050748,-0.04944177913530724,2675,0.05413724338655716,2.559322611050748
252,FX,1,rng,convexity,False,-2.559322611050748,-0.04944177913530724,2675,0.05413724338655716,2.559322611050748
252,FX,1,ret,convexity,True,-2.459836523660207,-0.047524304691201676,2675,0.05413724338655716,2.459836523660207
126,FX,1,ret,convexity,True,-2.459836523660207,-0.047524304691201676,2675,0.05413724338655716,2.459836523660207
252,all,1,ret,convexity,True,-2.349494873914636,-0.04539698858557456,2675,0.05413724338655716,2.349494873914636
126,all,1,ret,convexity,True,-2.349494873914636,-0.04539698858557456,2675,0.05413724338655716,2.349494873914636
252,all,1,rng,convexity,False,-2.339983015663946,-0.045213576738122284,2675,0.05413724338655716,2.339983015663946
126,all,1,rng,convexity,False,-2.339983015663946,-0.045213576738122284,2675,0.05413724338655716,2.339983015663946
126,gold,5,ret,vrp_trail20,False,-2.322860013850413,-0.10057691065070067,530,0.12162422797365942,2.322860013850413
252,gold,5,ret,vrp_trail20,False,-2.322860013850413,-0.10057691065070067,530,0.12162422797365942,2.322860013850413
126,gold,21,ret,vrp_trail20,False,-2.1932495848092395,-0.19324696691463458,126,0.2494438257849294,2.1932495848092395
252,gold,21,ret,vrp_trail20,False,-2.1932495848092395,-0.19324696691463458,126,0.2494438257849294,2.1932495848092395
252,FX,21,rng,cvol_z,True,-1.9754755932749646,-0.18270892480642506,115,0.2611013463072879,1.9754755932749646
252,FX,1,ret,updn,True,-1.9401688596421194,-0.03750027630295307,2675,0.05413724338655716,1.9401688596421194
126,FX,1,ret,updn,True,-1.9401688596421194,-0.03750027630295307,2675,0.05413724338655716,1.9401688596421194
126,FX,1,ret,skew_ratio,True,-1.9400220957302394,-0.0374974435863974,2675,0.05413724338655716,1.9400220957302394
252,FX,1,ret,skew_ratio,True,-1.9400220957302394,-0.0374974435863974,2675,0.05413724338655716,1.9400220957302394
252,FX,10,ret,cvol_z,True,-1.938376473866385,-0.12440905116655242,241,0.18036385539223262,1.938376473866385
126,FX,21,rng,cvol_z,True,-1.8796092752290614,-0.16980136158673856,121,0.2545454545454545,1.8796092752290614
252,FX,10,rng,cvol_z,True,-1.858188814304587,-0.11933729255202644,241,0.18036385539223262,1.858188814304587
252,FX,5,rng,convexity,True,-1.8448879791558113,-0.07965703819360632,535,0.12105455632679274,1.8448879791558113
126,FX,5,rng,convexity,True,-1.8448879791558113,-0.07965703819360632,535,0.12105455632679274,1.8448879791558113
126,FX,21,ret,cvol_z,True,-1.8163404096328026,-0.16424253062863975,121,0.2545454545454545,1.8163404096328026
252,all,5,rng,convexity,True,-1.8008343975072232,-0.07776657239753251,535,0.12105455632679274,1.8008343975072232
126,all,5,rng,convexity,True,-1.8008343975072232,-0.07776657239753251,535,0.12105455632679274,1.8008343975072232
126,all,1,ret,updn,True,-1.7765436881262886,-0.0343415719185453,2675,0.05413724338655716,1.7765436881262886
252,all,1,ret,updn,True,-1.7765436881262886,-0.0343415719185453,2675,0.05413724338655716,1.7765436881262886
252,all,1,ret,skew_ratio,True,-1.7763686065441358,-0.034338191485551416,2675,0.05413724338655716,1.7763686065441358
126,all,1,ret,skew_ratio,True,-1.7763686065441358,-0.034338191485551416,2675,0.05413724338655716,1.7763686065441358
126,FX,10,ret,cvol_z,True,-1.740364089414906,-0.10897965848961397,254,0.17568762543868438,1.740364089414906
252,gold,10,ret,cvol_z,False,-1.6970261736444108,-0.10911605407264362,241,0.18036385539223262,1.6970261736444108
126,FX,10,rng,cvol_z,True,-1.676318935996455,-0.10501428468632729,254,0.17568762543868438,1.676318935996455
252,gold,10,ret,vrp_trail20,False,-1.670630561065928,-0.10247319586424461,265,0.17200263271350633,1.670630561065928
126,gold,10,ret,vrp_trail20,False,-1.670630561065928,-0.10247319586424461,265,0.17200263271350633,1.670630561065928
252,gold,21,rng,vrp_trail20,False,-1.6627785648356361,-0.14768453630527595,126,0.2494438257849294,1.6627785648356361
126,gold,21,rng,vrp_trail20,False,-1.6627785648356361,-0.14768453630527595,126,0.2494438257849294,1.6627785648356361
126,FX,5,rng,skew_ratio,True,-1.6262471275564077,-0.0702664713528858,535,0.12105455632679274,1.6262471275564077
252,FX,5,rng,skew_ratio,True,-1.6262471275564077,-0.0702664713528858,535,0.12105455632679274,1.6262471275564077
126,FX,5,rng,updn,True,-1.6262339870451168,-0.07026590638429342,535,0.12105455632679274,1.6262339870451168
252,FX,5,rng,updn,True,-1.6262339870451168,-0.07026590638429342,535,0.12105455632679274,1.6262339870451168
126,all,21,ret,cvol_z,True,-1.618844782297185,-0.1467917116965798,121,0.2545454545454545,1.618844782297185
126,all,21,rng,cvol_z,True,-1.591126338899124,-0.14433109576795364,121,0.2545454545454545,1.591126338899124
252,FX,21,ret,cvol_z,True,-1.542374961331773,-0.1435908381914547,115,0.2611013463072879,1.542374961331773
126,FX,5,ret,cvol_z,True,-1.5203622379717183,-0.06730222094707837,510,0.12398608397561334,1.5203622379717183
252,FX,5,ret,cvol_z,True,-1.4761183720153601,-0.06708389097369008,484,0.12727272727272726,1.4761183720153601
126,gold,21,ret,cvol_z,False,-1.4744250769101828,-0.13394241135107873,121,0.2545454545454545,1.4744250769101828
252,all,5,rng,updn,True,-1.459940460400605,-0.06311097891865539,535,0.12105455632679274,1.459940460400605
126,all,5,rng,updn,True,-1.459940460400605,-0.06311097891865539,535,0.12105455632679274,1.459940460400605
252,all,5,rng,skew_ratio,True,-1.45990052145119,-0.06310925929570561,535,0.12105455632679274,1.45990052145119
126,all,5,rng,skew_ratio,True,-1.45990052145119,-0.06310925929570561,535,0.12105455632679274,1.45990052145119
126,all,10,ret,cvol_z,True,-1.3918052467420885,-0.08734043947928725,254,0.17568762543868438,1.3918052467420885
126,gold,10,ret,skew,False,-1.3689713694722805,-0.08379944951082316,267,0.17135721718138927,1.3689713694722805
252,gold,10,ret,skew,False,-1.3689713694722805,-0.08379944951082316,267,0.17135721718138927,1.3689713694722805
126,all,1,ret,convexity,False,-1.3639785489936156,-0.026372844654672,2675,0.05413724338655716,1.3639785489936156
252,all,1,ret,convexity,False,-1.3639785489936156,-0.026372844654672,2675,0.05413724338655716,1.3639785489936156
252,all,21,rng,cvol_z,True,-1.3389570903317898,-0.12497102251188662,115,0.2611013463072879,1.3389570903317898
252,FX,1,ret,convexity,False,-1.3314644840617726,-0.02574459934999405,2675,0.05413724338655716,1.3314644840617726
126,FX,1,ret,convexity,False,-1.3314644840617726,-0.02574459934999405,2675,0.05413724338655716,1.3314644840617726
126,all,5,ret,cvol_z,True,-1.2679543298795548,-0.05616756762843709,510,0.12398608397561334,1.2679543298795548
252,all,10,ret,cvol_z,True,-1.2151169121524428,-0.07835771014142849,241,0.18036385539223262,1.2151169121524428
252,gold,21,ret,cvol_z,False,-1.2133587584800936,-0.11340681139793923,115,0.2611013463072879,1.2133587584800936
126,all,10,rng,cvol_z,True,-1.2020879313776995,-0.07550824214570849,254,0.17568762543868438,1.2020879313776995
126,FX,1,ret,updn,False,-1.1855151533997963,-0.022924162881613856,2675,0.05413724338655716,1.1855151533997963
252,FX,1,ret,updn,False,-1.1855151533997963,-0.022924162881613856,2675,0.05413724338655716,1.1855151533997963
126,FX,1,ret,skew_ratio,False,-1.1854317281722477,-0.02292255054576306,2675,0.05413724338655716,1.1854317281722477
252,FX,1,ret,skew_ratio,False,-1.1854317281722477,-0.02292255054576306,2675,0.05413724338655716,1.1854317281722477
252,all,21,ret,cvol_z,True,-1.1815453448152455,-0.11047013382946404,115,0.2611013463072879,1.1815453448152455
252,gold,5,ret,skew,False,-1.141710117664384,-0.049438880953427154,534,0.12116785027421631,1.141710117664384
126,gold,5,ret,skew,False,-1.141710117664384,-0.049438880953427154,534,0.12116785027421631,1.141710117664384
126,FX,21,ret,vrp_trail20,True,-1.1344256467396368,-0.10134986329419603,126,0.2494438257849294,1.1344256467396368
252,FX,21,ret,vrp_trail20,True,-1.1344256467396368,-0.10134986329419603,126,0.2494438257849294,1.1344256467396368
126,gold,10,ret,cvol_z,False,-1.1233806106482198,-0.07058979512014246,254,0.17568762543868438,1.1233806106482198
126,FX,5,ret,cvol_chg5,True,-1.1095783877538958,-0.04805075625737398,534,0.12116785027421631,1.1095783877538958
252,FX,5,ret,cvol_chg5,True,-1.1095783877538958,-0.04805075625737398,534,0.12116785027421631,1.1095783877538958
126,FX,21,rng,vrp_trail20,True,-1.0385618309919098,-0.09286259873985477,126,0.2494438257849294,1.0385618309919098
252,FX,21,rng,vrp_trail20,True,-1.0385618309919098,-0.09286259873985477,126,0.2494438257849294,1.0385618309919098
126,gold,1,ret,convexity,False,-1.0224579813384305,-0.01977617516911066,2674,0.05414736533548856,1.0224579813384305
252,gold,1,ret,convexity,False,-1.0224579813384305,-0.01977617516911066,2674,0.05414736533548856,1.0224579813384305
126,all,21,ret,vrp_trail20,False,-1.0062471558107804,-0.08999696996545849,126,0.2494438257849294,1.0062471558107804
252,all,21,ret,vrp_trail20,False,-1.0062471558107804,-0.08999696996545849,126,0.2494438257849294,1.0062471558107804
252,FX,5,ret,convexity,True,-0.9669944873582172,-0.04184848798774978,535,0.12105455632679274,0.9669944873582172
126,FX,5,ret,convexity,True,-0.9669944873582172,-0.04184848798774978,535,0.12105455632679274,0.9669944873582172
252,all,10,rng,cvol_z,True,-0.8905707315908057,-0.05751088652268911,241,0.18036385539223262,0.8905707315908057
126,gold,10,rng,vrp_trail20,False,-0.8902700904592409,-0.054813873681032736,265,0.17200263271350633,0.8902700904592409
252,gold,10,rng,vrp_trail20,False,-0.8902700904592409,-0.054813873681032736,265,0.17200263271350633,0.8902700904592409
252,all,5,ret,cvol_z,True,-0.8867927844365481,-0.04035939396659775,484,0.12727272727272726,0.8867927844365481
126,all,1,ret,updn,False,-0.885607846576386,-0.017126880647172445,2675,0.05413724338655716,0.885607846576386
252,all,1,ret,updn,False,-0.885607846576386,-0.017126880647172445,2675,0.05413724338655716,0.885607846576386
252,all,1,ret,skew_ratio,False,-0.8855331028717373,-0.017125435593290463,2675,0.05413724338655716,0.8855331028717373
126,all,1,ret,skew_ratio,False,-0.8855331028717373,-0.017125435593290463,2675,0.05413724338655716,0.8855331028717373
252,FX,10,rng,updn,True,-0.8545065602517083,-0.05241975166848921,267,0.17135721718138927,0.8545065602517083
126,FX,10,rng,updn,True,-0.8545065602517083,-0.05241975166848921,267,0.17135721718138927,0.8545065602517083
126,FX,10,rng,skew_ratio,True,-0.8544360805638667,-0.05241543996718376,267,0.17135721718138927,0.8544360805638667
252,FX,10,rng,skew_ratio,True,-0.8544360805638667,-0.05241543996718376,267,0.17135721718138927,0.8544360805638667
126,all,10,ret,vrp_trail20,True,-0.8445895827223928,-0.0520091406314467,265,0.17200263271350633,0.8445895827223928
252,all,10,ret,vrp_trail20,True,-0.8445895827223928,-0.0520091406314467,265,0.17200263271350633,0.8445895827223928
252,all,21,ret,vrp_trail20,True,-0.8401373129155354,-0.07523274247976847,126,0.2494438257849294,0.8401373129155354
126,all,21,ret,vrp_trail20,True,-0.8401373129155354,-0.07523274247976847,126,0.2494438257849294,0.8401373129155354
252,all,21,rng,vrp_trail20,True,-0.8337922504599311,-0.07466773366325663,126,0.2494438257849294,0.8337922504599311
126,all,21,rng,vrp_trail20,True,-0.8337922504599311,-0.07466773366325663,126,0.2494438257849294,0.8337922504599311
126,all,10,ret,cvol_chg5,True,-0.8290243892855631,-0.05095663848406917,266,0.17167901505579042,0.8290243892855631
252,all,10,ret,cvol_chg5,True,-0.8290243892855631,-0.05095663848406917,266,0.17167901505579042,0.8290243892855631
126,FX,21,ret,vrp_trail20,False,-0.7992892048689123,-0.07159409567811915,126,0.2494438257849294,0.7992892048689123
252,FX,21,ret,vrp_trail20,False,-0.7992892048689123,-0.07159409567811915,126,0.2494438257849294,0.7992892048689123
126,FX,5,rng,cvol_z,True,-0.7814668782760787,-0.03465116443229063,510,0.12398608397561334,0.7814668782760787
252,FX,5,rng,cvol_z,True,-0.7799333304120099,-0.035502594224876866,484,0.12727272727272726,0.7799333304120099
252,all,5,ret,vrp_trail20,True,-0.7744447916342977,-0.03365244100703541,531,0.12150965024876893,0.7744447916342977
126,all,5,ret,vrp_trail20,True,-0.7744447916342977,-0.03365244100703541,531,0.12150965024876893,0.7744447916342977
252,gold,1,rng,convexity,False,-0.7702282447544453,-0.014898858883759553,2674,0.05414736533548856,0.7702282447544453
126,gold,1,rng,convexity,False,-0.7702282447544453,-0.014898858883759553,2674,0.05414736533548856,0.7702282447544453
126,FX,10,ret,vrp_trail20,True,-0.7679522711211764,-0.04730096156350083,265,0.17200263271350633,0.7679522711211764
252,FX,10,ret,vrp_trail20,True,-0.7679522711211764,-0.04730096156350083,265,0.17200263271350633,0.7679522711211764
252,all,10,rng,updn,True,-0.7481268611551753,-0.04590861263909596,267,0.17135721718138927,0.7481268611551753
126,all,10,rng,updn,True,-0.7481268611551753,-0.04590861263909596,267,0.17135721718138927,0.7481268611551753
126,all,10,rng,skew_ratio,True,-0.7479739986347347,-0.045899252033826755,267,0.17135721718138927,0.7479739986347347
252,all,10,rng,skew_ratio,True,-0.7479739986347347,-0.045899252033826755,267,0.17135721718138927,0.7479739986347347
126,FX,1,ret,cvol_z,True,-0.7034454676510384,-0.013934409101476449,2550,0.05544826240669376,0.7034454676510384
126,FX,1,ret,cvol_chg5,True,-0.703346577712354,-0.013615581893352127,2670,0.05418790998013285,0.703346577712354
252,FX,1,ret,cvol_chg5,True,-0.703346577712354,-0.013615581893352127,2670,0.05418790998013285,0.703346577712354
252,all,5,rng,convexity,False,-0.6835085724855924,-0.029593076120524607,535,0.12105455632679274,0.6835085724855924
126,all,5,rng,convexity,False,-0.6835085724855924,-0.029593076120524607,535,0.12105455632679274,0.6835085724855924
252,FX,1,ret,cvol_z,True,-0.6828463913371781,-0.013873759073478414,2424,0.05687111245916712,0.6828463913371781
252,FX,5,rng,convexity,False,-0.6756236096345537,-0.029251983869674536,535,0.12105455632679274,0.6756236096345537
126,FX,5,rng,convexity,False,-0.6756236096345537,-0.029251983869674536,535,0.12105455632679274,0.6756236096345537
126,all,5,ret,convexity,True,-0.6707510056572995,-0.02904119685260199,535,0.12105455632679274,0.6707510056572995
252,all,5,ret,convexity,True,-0.6707510056572995,-0.02904119685260199,535,0.12105455632679274,0.6707510056572995
252,all,21,rng,vrp_trail20,False,-0.6630836122851641,-0.05944137570186115,126,0.2494438257849294,0.6630836122851641
126,all,21,rng,vrp_trail20,False,-0.6630836122851641,-0.05944137570186115,126,0.2494438257849294,0.6630836122851641
252,FX,5,ret,vrp_trail20,True,-0.6503809045724979,-0.02826613190734505,531,0.12150965024876893,0.6503809045724979
126,FX,5,ret,vrp_trail20,True,-0.6503809045724979,-0.02826613190734505,531,0.12150965024876893,0.6503809045724979
126,FX,10,ret,cvol_chg5,True,-0.6501599709431447,-0.039982583513017735,266,0.17167901505579042,0.6501599709431447
252,FX,10,ret,cvol_chg5,True,-0.6501599709431447,-0.039982583513017735,266,0.17167901505579042,0.6501599709431447
126,FX,5,ret,updn,True,-0.6281314119239111,-0.02719732717893158,535,0.12105455632679274,0.6281314119239111
252,FX,5,ret,updn,True,-0.6281314119239111,-0.02719732717893158,535,0.12105455632679274,0.6281314119239111
126,FX,5,ret,skew_ratio,True,-0.6281158095761956,-0.02719665211591832,535,0.12105455632679274,0.6281158095761956
252,FX,5,ret,skew_ratio,True,-0.6281158095761956,-0.02719665211591832,535,0.12105455632679274,0.6281158095761956
252,FX,5,rng,skew_ratio,False,-0.6155533898655123,-0.026653104938137894,535,0.12105455632679274,0.6155533898655123
126,FX,5,rng,skew_ratio,False,-0.6155533898655123,-0.026653104938137894,535,0.12105455632679274,0.6155533898655123
252,FX,5,rng,updn,False,-0.6155222412757402,-0.026651757180296845,535,0.12105455632679274,0.6155222412757402
126,FX,5,rng,updn,False,-0.6155222412757402,-0.026651757180296845,535,0.12105455632679274,0.6155222412757402
252,gold,5,rng,convexity,False,-0.5974477387684631,-0.025893959247331413,534,0.12116785027421631,0.5974477387684631
126,gold,5,rng,convexity,False,-0.5974477387684631,-0.025893959247331413,534,0.12116785027421631,0.5974477387684631
126,gold,5,ret,skew_ratio,False,-0.5915516502602355,-0.025638585918139487,534,0.12116785027421631,0.5915516502602355
252,gold,5,ret,skew_ratio,False,-0.5915516502602355,-0.025638585918139487,534,0.12116785027421631,0.5915516502602355
252,gold,5,ret,updn,False,-0.5914998393843689,-0.025636341846082985,534,0.12116785027421631,0.5914998393843689
126,gold,5,ret,updn,False,-0.5914998393843689,-0.025636341846082985,534,0.12116785027421631,0.5914998393843689
126,all,21,ret,cvol_z,False,-0.5767811172058955,-0.052799686420569716,121,0.2545454545454545,0.5767811172058955
252,FX,10,ret,updn,True,-0.5523554584357123,-0.03391141046810835,267,0.17135721718138927,0.5523554584357123
126,FX,10,ret,updn,True,-0.5523554584357123,-0.03391141046810835,267,0.17135721718138927,0.5523554584357123
252,FX,10,ret,skew_ratio,True,-0.5521951696523101,-0.033901580981518256,267,0.17135721718138927,0.5521951696523101
126,FX,10,ret,skew_ratio,True,-0.5521951696523101,-0.033901580981518256,267,0.17135721718138927,0.5521951696523101
252,all,5,ret,skew_ratio,True,-0.5362363302541927,-0.023220710932477413,535,0.12105455632679274,0.5362363302541927
126,all,5,ret,skew_ratio,True,-0.5362363302541927,-0.023220710932477413,535,0.12105455632679274,0.5362363302541927
252,all,5,ret,updn,True,-0.5362128685806535,-0.023219695516377047,535,0.12105455632679274,0.5362128685806535
126,all,5,ret,updn,True,-0.5362128685806535,-0.023219695516377047,535,0.12105455632679274,0.5362128685806535
126,FX,10,rng,cvol_chg5,True,-0.5317412829468129,-0.03270890243993483,266,0.17167901505579042,0.5317412829468129
252,FX,10,rng,cvol_chg5,True,-0.5317412829468129,-0.03270890243993483,266,0.17167901505579042,0.5317412829468129
126,all,5,ret,vrp_trail20,False,-0.5221048055052665,-0.022694362491421944,531,0.12150965024876893,0.5221048055052665
252,all,5,ret,vrp_trail20,False,-0.5221048055052665,-0.022694362491421944,531,0.12150965024876893,0.5221048055052665
126,all,10,rng,cvol_chg5,True,-0.5196222202556907,-0.03196419532975613,266,0.17167901505579042,0.5196222202556907
252,all,10,rng,cvol_chg5,True,-0.5196222202556907,-0.03196419532975613,266,0.17167901505579042,0.5196222202556907
126,gold,10,ret,updn,False,-0.5090479282480801,-0.03125528792492328,267,0.17135721718138927,0.5090479282480801
252,gold,10,ret,updn,False,-0.5090479282480801,-0.03125528792492328,267,0.17135721718138927,0.5090479282480801
252,gold,10,ret,skew_ratio,False,-0.5088709339232163,-0.03124443117271417,267,0.17135721718138927,0.5088709339232163
126,gold,10,ret,skew_ratio,False,-0.5088709339232163,-0.03124443117271417,267,0.17135721718138927,0.5088709339232163
126,FX,10,ret,convexity,True,-0.4802658671640103,-0.02948966662537044,267,0.17135721718138927,0.4802658671640103
252,FX,10,ret,convexity,True,-0.4802658671640103,-0.02948966662537044,267,0.17135721718138927,0.4802658671640103
252,FX,21,rng,vrp_trail20,False,-0.47155373144219354,-0.04230885700479201,126,0.2494438257849294,0.47155373144219354
126,FX,21,rng,vrp_trail20,False,-0.47155373144219354,-0.04230885700479201,126,0.2494438257849294,0.47155373144219354
126,FX,10,rng,convexity,True,-0.4686199712585655,-0.028775175519286586,267,0.17135721718138927,0.4686199712585655
252,FX,10,rng,convexity,True,-0.4686199712585655,-0.028775175519286586,267,0.17135721718138927,0.4686199712585655
252,gold,21,rng,cvol_z,False,-0.4467656505217911,-0.041991107567278106,115,0.2611013463072879,0.4467656505217911
126,all,1,ret,cvol_chg5,True,-0.44495802732264284,-0.008614102198738002,2670,0.05418790998013285,0.44495802732264284
252,all,1,ret,cvol_chg5,True,-0.44495802732264284,-0.008614102198738002,2670,0.05418790998013285,0.44495802732264284
126,FX,21,ret,cvol_z,False,-0.43811979787288935,-0.04013002386944435,121,0.2545454545454545,0.43811979787288935
252,all,10,ret,updn,True,-0.4245390145297135,-0.02607036029583428,267,0.17135721718138927,0.4245390145297135
126,all,10,ret,updn,True,-0.4245390145297135,-0.02607036029583428,267,0.17135721718138927,0.4245390145297135
252,all,10,ret,skew_ratio,True,-0.4244110219347204,-0.026062505785255298,267,0.17135721718138927,0.4244110219347204
126,all,10,ret,skew_ratio,True,-0.4244110219347204,-0.026062505785255298,267,0.17135721718138927,0.4244110219347204
126,FX,10,rng,vrp_trail20,True,-0.4154242209454569,-0.025607754482263063,265,0.17200263271350633,0.4154242209454569
252,FX,10,rng,vrp_trail20,True,-0.4154242209454569,-0.025607754482263063,265,0.17200263271350633,0.4154242209454569
126,FX,5,ret,cvol_z,False,-0.4087586372635248,-0.018132750148933154,510,0.12398608397561334,0.4087586372635248
126,all,5,ret,cvol_z,False,-0.40122392384106653,-0.017798613140756637,510,0.12398608397561334,0.40122392384106653
126,all,5,ret,cvol_chg5,True,-0.39624532442362315,-0.017176879020765614,534,0.12116785027421631,0.39624532442362315
252,all,5,ret,cvol_chg5,True,-0.39624532442362315,-0.017176879020765614,534,0.12116785027421631,0.39624532442362315
126,FX,21,rng,cvol_z,False,-0.39174049566900276,-0.03588765972198516,121,0.2545454545454545,0.39174049566900276
126,gold,21,ret,skew,False,-0.39085087717978567,-0.03493742295729404,127,0.24845982263651187,0.39085087717978567
252,gold,21,ret,skew,False,-0.39085087717978567,-0.03493742295729404,127,0.24845982263651187,0.39085087717978567
252,FX,5,rng,cvol_chg5,True,-0.38555294632807185,-0.016713505302031167,534,0.12116785027421631,0.38555294632807185
126,FX,5,rng,cvol_chg5,True,-0.38555294632807185,-0.016713505302031167,534,0.12116785027421631,0.38555294632807185
252,all,5,rng,skew_ratio,False,-0.3825720148924372,-0.016568758713653164,535,0.12105455632679274,0.3825720148924372
126,all,5,rng,skew_ratio,False,-0.3825720148924372,-0.016568758713653164,535,0.12105455632679274,0.3825720148924372
126,all,5,rng,updn,False,-0.38253786155928565,-0.016567279977655815,535,0.12105455632679274,0.38253786155928565
252,all,5,rng,updn,False,-0.38253786155928565,-0.016567279977655815,535,0.12105455632679274,0.38253786155928565
252,gold,5,ret,cvol_z,False,-0.3774596023135922,-0.017208128035641382,483,0.1274044114541212,0.3774596023135922
126,FX,21,ret,cvol_chg5,True,-0.3703989837592081,-0.033244424700467345,126,0.2494438257849294,0.3703989837592081
252,FX,21,ret,cvol_chg5,True,-0.3703989837592081,-0.033244424700467345,126,0.2494438257849294,0.3703989837592081
252,all,10,ret,vrp_trail20,False,-0.3627810999559225,-0.022364445851114096,265,0.17200263271350633,0.3627810999559225
126,all,10,ret,vrp_trail20,False,-0.3627810999559225,-0.022364445851114096,265,0.17200263271350633,0.3627810999559225
126,all,10,ret,cvol_z,False,-0.35331285536162677,-0.022251107425006536,254,0.17568762543868438,0.35331285536162677
126,all,21,rng,cvol_chg5,True,-0.3518336372189097,-0.03157983448734073,126,0.2494438257849294,0.3518336372189097
252,all,21,rng,cvol_chg5,True,-0.3518336372189097,-0.03157983448734073,126,0.2494438257849294,0.3518336372189097
252,all,21,rng,skew_ratio,True,-0.33737503294734583,-0.030162011036764278,127,0.24845982263651187,0.33737503294734583
126,all,21,rng,skew_ratio,True,-0.33737503294734583,-0.030162011036764278,127,0.24845982263651187,0.33737503294734583
126,all,21,rng,updn,True,-0.33732544797244723,-0.030157582071629687,127,0.24845982263651187,0.33732544797244723
252,all,21,rng,updn,True,-0.33732544797244723,-0.030157582071629687,127,0.24845982263651187,0.33732544797244723
126,all,10,rng,vrp_trail20,True,-0.3363797580404504,-0.02073760393727858,265,0.17200263271350633,0.3363797580404504
252,all,10,rng,vrp_trail20,True,-0.3363797580404504,-0.02073760393727858,265,0.17200263271350633,0.3363797580404504
126,all,21,rng,cvol_z,False,-0.3349772743426488,-0.030692849056006968,121,0.2545454545454545,0.3349772743426488
126,gold,5,ret,cvol_z,False,-0.3231545734725638,-0.014350320639094898,509,0.12410781800982214,0.3231545734725638
126,gold,21,rng,cvol_z,False,-0.3136464791298919,-0.02874004874131839,121,0.2545454545454545,0.3136464791298919
126,all,1,ret,cvol_z,True,-0.27533508247368693,-0.005454505439256845,2550,0.05544826240669376,0.27533508247368693
252,FX,5,ret,vrp_trail20,False,-0.25955677348849393,-0.011284358582807517,531,0.12150965024876893,0.25955677348849393
126,FX,5,ret,vrp_trail20,False,-0.25955677348849393,-0.011284358582807517,531,0.12150965024876893,0.25955677348849393
252,FX,21,rng,skew_ratio,True,-0.25575599321172376,-0.022869528554925952,127,0.24845982263651187,0.25575599321172376
126,FX,21,rng,skew_ratio,True,-0.25575599321172376,-0.022869528554925952,127,0.24845982263651187,0.25575599321172376
252,FX,21,rng,updn,True,-0.25572303524195394,-0.02286658301655001,127,0.24845982263651187,0.25572303524195394
126,FX,21,rng,updn,True,-0.25572303524195394,-0.02286658301655001,127,0.24845982263651187,0.25572303524195394
252,all,10,ret,cvol_z,False,-0.24823074510538884,-0.016054642643869334,241,0.18036385539223262,0.24823074510538884
126,all,5,rng,cvol_z,True,-0.22499592847082156,-0.009982082731644654,510,0.12398608397561334,0.22499592847082156
252,gold,10,rng,cvol_z,False,-0.2015271474356023,-0.013034600067196056,241,0.18036385539223262,0.2015271474356023
252,all,21,ret,cvol_z,False,-0.1943462088886615,-0.018279498717208943,115,0.2611013463072879,0.1943462088886615
252,FX,21,rng,skew_ratio,False,-0.1942001571840897,-0.01736717038468687,127,0.24845982263651187,0.1942001571840897
126,FX,21,rng,skew_ratio,False,-0.1942001571840897,-0.01736717038468687,127,0.24845982263651187,0.1942001571840897
126,FX,21,rng,updn,False,-0.194098434241726,-0.017358076122021282,127,0.24845982263651187,0.194098434241726
252,FX,21,rng,updn,False,-0.194098434241726,-0.017358076122021282,127,0.24845982263651187,0.194098434241726
126,FX,10,rng,skew_ratio,False,-0.1920498090467671,-0.011796705074936947,267,0.17135721718138927,0.1920498090467671
252,FX,10,rng,skew_ratio,False,-0.1920498090467671,-0.011796705074936947,267,0.17135721718138927,0.1920498090467671
126,FX,10,rng,updn,False,-0.19196740481517802,-0.011791644079409547,267,0.17135721718138927,0.19196740481517802
252,FX,10,rng,updn,False,-0.19196740481517802,-0.011791644079409547,267,0.17135721718138927,0.19196740481517802
252,all,10,rng,convexity,True,-0.18506948506708334,-0.011367993473816573,267,0.17135721718138927,0.18506948506708334
126,all,10,rng,convexity,True,-0.18506948506708334,-0.011367993473816573,267,0.17135721718138927,0.18506948506708334
126,FX,21,rng,convexity,True,-0.18053076636752677,-0.01614505800485685,127,0.24845982263651187,0.18053076636752677
252,FX,21,rng,convexity,True,-0.18053076636752677,-0.01614505800485685,127,0.24845982263651187,0.18053076636752677
252,FX,10,ret,skew_ratio,False,-0.17934699816737923,-0.011016529953752126,267,0.17135721718138927,0.17934699816737923
126,FX,10,ret,skew_ratio,False,-0.17934699816737923,-0.011016529953752126,267,0.17135721718138927,0.17934699816737923
126,FX,10,ret,updn,False,-0.1792860922759462,-0.011012789215440867,267,0.17135721718138927,0.1792860922759462
252,FX,10,ret,updn,False,-0.1792860922759462,-0.011012789215440867,267,0.17135721718138927,0.1792860922759462
126,FX,10,ret,cvol_z,False,-0.15559145045452846,-0.009800869340801396,254,0.17568762543868438,0.15559145045452846
126,gold,10,ret,cvol_chg5,False,-0.1549112512247913,-0.009533695146650967,266,0.17167901505579042,0.1549112512247913
252,gold,10,ret,cvol_chg5,False,-0.1549112512247913,-0.009533695146650967,266,0.17167901505579042,0.1549112512247913
252,gold,21,ret,updn,False,-0.1375932480068892,-0.012305782379358709,127,0.24845982263651187,0.1375932480068892
126,gold,21,ret,updn,False,-0.1375932480068892,-0.012305782379358709,127,0.24845982263651187,0.1375932480068892
126,gold,21,ret,skew_ratio,False,-0.13746156963618938,-0.012294007380455978,127,0.24845982263651187,0.13746156963618938
252,gold,21,ret,skew_ratio,False,-0.13746156963618938,-0.012294007380455978,127,0.24845982263651187,0.13746156963618938
252,all,10,rng,vrp_trail20,False,-0.1317464153249015,-0.00812356393041242,265,0.17200263271350633,0.1317464153249015
126,all,10,rng,vrp_trail20,False,-0.1317464153249015,-0.00812356393041242,265,0.17200263271350633,0.1317464153249015
126,gold,21,rng,skew,False,-0.11662939057299296,-0.010431082283632858,127,0.24845982263651187,0.11662939057299296
252,gold,21,rng,skew,False,-0.11662939057299296,-0.010431082283632858,127,0.24845982263651187,0.11662939057299296
126,FX,5,ret,skew_ratio,False,-0.10417100203202001,-0.004512101039427793,535,0.12105455632679274,0.10417100203202001
252,FX,5,ret,skew_ratio,False,-0.10417100203202001,-0.004512101039427793,535,0.12105455632679274,0.10417100203202001
126,FX,5,ret,updn,False,-0.10416278528283573,-0.004511745143380972,535,0.12105455632679274,0.10416278528283573
252,FX,5,ret,updn,False,-0.10416278528283573,-0.004511745143380972,535,0.12105455632679274,0.10416278528283573
126,FX,21,ret,skew_ratio,False,-0.09589667462137383,-0.008576943836375413,127,0.24845982263651187,0.09589667462137383
252,FX,21,ret,skew_ratio,False,-0.09589667462137383,-0.008576943836375413,127,0.24845982263651187,0.09589667462137383
126,FX,21,ret,updn,False,-0.09581618057045592,-0.008569745023356183,127,0.24845982263651187,0.09581618057045592
252,FX,21,ret,updn,False,-0.09581618057045592,-0.008569745023356183,127,0.24845982263651187,0.09581618057045592
126,FX,10,ret,vrp_trail20,False,-0.09531766364890987,-0.005877437413000136,265,0.17200263271350633,0.09531766364890987
252,FX,10,ret,vrp_trail20,False,-0.09531766364890987,-0.005877437413000136,265,0.17200263271350633,0.09531766364890987
252,FX,10,ret,convexity,False,-0.08996783840216238,-0.005526595978184476,267,0.17135721718138927,0.08996783840216238
126,FX,10,ret,convexity,False,-0.08996783840216238,-0.005526595978184476,267,0.17135721718138927,0.08996783840216238
126,all,5,ret,skew_ratio,False,-0.08069130664534528,-0.0034951071214174736,535,0.12105455632679274,0.08069130664534528
252,all,5,ret,skew_ratio,False,-0.08069130664534528,-0.0034951071214174736,535,0.12105455632679274,0.08069130664534528
126,all,5,ret,updn,False,-0.08064525207972277,-0.0034931123132734975,535,0.12105455632679274,0.08064525207972277
252,all,5,ret,updn,False,-0.08064525207972277,-0.0034931123132734975,535,0.12105455632679274,0.08064525207972277
126,gold,10,rng,convexity,False,-0.0706855134146534,-0.004342135637952668,267,0.17135721718138927,0.0706855134146534
252,gold,10,rng,convexity,False,-0.0706855134146534,-0.004342135637952668,267,0.17135721718138927,0.0706855134146534
126,all,10,rng,cvol_z,False,-0.07028046079519219,-0.004427209500185293,254,0.17568762543868438,0.07028046079519219
126,all,21,rng,skew_ratio,False,-0.06715918530711598,-0.0060067917763047965,127,0.24845982263651187,0.06715918530711598
252,all,21,rng,skew_ratio,False,-0.06715918530711598,-0.0060067917763047965,127,0.24845982263651187,0.06715918530711598
126,all,21,rng,updn,False,-0.06702849074733698,-0.005995102730942979,127,0.24845982263651187,0.06702849074733698
252,all,21,rng,updn,False,-0.06702849074733698,-0.005995102730942979,127,0.24845982263651187,0.06702849074733698
252,all,10,ret,skew_ratio,False,-0.04345262349879631,-0.002669263933630008,267,0.17135721718138927,0.04345262349879631
126,all,10,ret,skew_ratio,False,-0.04345262349879631,-0.002669263933630008,267,0.17135721718138927,0.04345262349879631
126,all,10,ret,updn,False,-0.04341059815838624,-0.002666682365054257,267,0.17135721718138927,0.04341059815838624
252,all,10,ret,updn,False,-0.04341059815838624,-0.002666682365054257,267,0.17135721718138927,0.04341059815838624
252,FX,5,ret,cvol_z,False,-0.037455045540028105,-0.0017060280927559716,484,0.12727272727272726,0.037455045540028105
126,FX,21,ret,skew,False,-0.03339218725921185,-0.002986674704164525,127,0.24845982263651187,0.03339218725921185
252,FX,21,ret,skew,False,-0.03339218725921185,-0.002986674704164525,127,0.24845982263651187,0.03339218725921185
126,all,21,ret,cvol_chg5,True,-0.03186243171774946,-0.0028613191228947068,126,0.2494438257849294,0.03186243171774946
252,all,21,ret,cvol_chg5,True,-0.03186243171774946,-0.0028613191228947068,126,0.2494438257849294,0.03186243171774946
252,all,5,ret,cvol_z,False,-0.02596135114281666,-0.0011825063145846344,484,0.12727272727272726,0.02596135114281666
252,all,10,rng,cvol_z,False,-0.011307491261013982,-0.0007314206106552068,241,0.18036385539223262,0.011307491261013982
126,FX,10,rng,cvol_z,False,-0.009737417704620225,-0.0006133995431343353,254,0.17568762543868438,0.009737417704620225
252,all,10,rng,skew_ratio,False,-0.0047693034230377,-0.0002929759677733659,267,0.17135721718138927,0.0047693034230377
126,all,10,rng,skew_ratio,False,-0.0047693034230377,-0.0002929759677733659,267,0.17135721718138927,0.0047693034230377
126,all,10,rng,updn,False,-0.004712223765147352,-0.00028946959270817924,267,0.17135721718138927,0.004712223765147352
252,all,10,rng,updn,False,-0.004712223765147352,-0.00028946959270817924,267,0.17135721718138927,0.004712223765147352
126,FX,10,rng,vrp_trail20,False,-0.003988335279935032,-0.0002459312815013457,265,0.17200263271350633,0.003988335279935032
252,FX,10,rng,vrp_trail20,False,-0.003988335279935032,-0.0002459312815013457,265,0.17200263271350633,0.003988335279935032
252,FX,5,ret,convexity,False,0.00983907376457136,0.00042617755410235316,535,0.12105455632679274,0.00983907376457136
126,FX,5,ret,convexity,False,0.00983907376457136,0.00042617755410235316,535,0.12105455632679274,0.00983907376457136
252,FX,21,ret,cvol_z,False,0.019452909395015434,0.0018299727177524862,115,0.2611013463072879,0.019452909395015434
126,FX,21,rng,cvol_chg5,True,0.020561737687886376,0.001846495405951175,126,0.2494438257849294,0.020561737687886376
252,FX,21,rng,cvol_chg5,True,0.020561737687886376,0.001846495405951175,126,0.2494438257849294,0.020561737687886376
252,FX,1,ret,cvol_chg5,False,0.02949449374564652,0.000571015586236136,2670,0.05418790998013285,0.02949449374564652
126,FX,1,ret,cvol_chg5,False,0.02949449374564652,0.000571015586236136,2670,0.05418790998013285,0.02949449374564652
252,FX,10,ret,cvol_z,False,0.032028847977815085,0.0020717695018229827,241,0.18036385539223262,0.032028847977815085
126,all,21,ret,skew_ratio,False,0.04202441403869726,0.0037587513077070624,127,0.24845982263651187,0.04202441403869726
252,all,21,ret,skew_ratio,False,0.04202441403869726,0.0037587513077070624,127,0.24845982263651187,0.04202441403869726
252,all,21,ret,updn,False,0.04206647402698694,0.003762513187620827,127,0.24845982263651187,0.04206647402698694
126,all,21,ret,updn,False,0.04206647402698694,0.003762513187620827,127,0.24845982263651187,0.04206647402698694
252,all,21,rng,convexity,True,0.044201007813762475,0.0039534274302388825,127,0.24845982263651187,0.044201007813762475
126,all,21,rng,convexity,True,0.044201007813762475,0.0039534274302388825,127,0.24845982263651187,0.044201007813762475
252,all,21,rng,cvol_z,False,0.04569848689609756,0.004298912303780365,115,0.2611013463072879,0.04569848689609756
126,FX,21,ret,skew,True,0.06108139718881392,0.005463204720110149,127,0.24845982263651187,0.06108139718881392
252,FX,21,ret,skew,True,0.06108139718881392,0.005463204720110149,127,0.24845982263651187,0.06108139718881392
126,FX,5,rng,cvol_z,False,0.0689878154287664,0.003060825016556106,510,0.12398608397561334,0.0689878154287664
252,all,21,rng,skew,True,0.0882229391215041,0.007890653904948893,127,0.24845982263651187,0.0882229391215041
126,all,21,rng,skew,True,0.0882229391215041,0.007890653904948893,127,0.24845982263651187,0.0882229391215041
252,FX,10,rng,cvol_z,False,0.09678305897126195,0.006260252981060824,241,0.18036385539223262,0.09678305897126195
252,FX,21,rng,cvol_z,False,0.10101531534578954,0.009502292490238644,115,0.2611013463072879,0.10101531534578954
126,all,10,ret,convexity,True,0.12409982769572644,0.007623170304085831,267,0.17135721718138927,0.12409982769572644
252,all,10,ret,convexity,True,0.12409982769572644,0.007623170304085831,267,0.17135721718138927,0.12409982769572644
252,all,21,ret,skew_ratio,True,0.13689396111131458,0.012243250392635713,127,0.24845982263651187,0.13689396111131458
126,all,21,ret,skew_ratio,True,0.13689396111131458,0.012243250392635713,127,0.24845982263651187,0.13689396111131458
252,all,21,ret,updn,True,0.13693056907720352,0.012246523972260174,127,0.24845982263651187,0.13693056907720352
126,all,21,ret,updn,True,0.13693056907720352,0.012246523972260174,127,0.24845982263651187,0.13693056907720352
126,gold,10,rng,cvol_z,False,0.14030472285177317,0.008838021580310149,254,0.17568762543868438,0.14030472285177317
126,gold,21,rng,convexity,False,0.15715004388598805,0.014054538929178077,127,0.24845982263651187,0.15715004388598805
252,gold,21,rng,convexity,False,0.15715004388598805,0.014054538929178077,127,0.24845982263651187,0.15715004388598805
126,all,5,ret,convexity,False,0.16586940305376413,0.007184415954622751,535,0.12105455632679274,0.16586940305376413
252,all,5,ret,convexity,False,0.16586940305376413,0.007184415954622751,535,0.12105455632679274,0.16586940305376413
126,all,21,ret,skew,True,0.16990580203229427,0.015195082420488688,127,0.24845982263651187,0.16990580203229427
252,all,21,ret,skew,True,0.16990580203229427,0.015195082420488688,127,0.24845982263651187,0.16990580203229427
252,all,21,ret,skew,False,0.17703317433661014,0.01583234381817349,127,0.24845982263651187,0.17703317433661014
126,all,21,ret,skew,False,0.17703317433661014,0.01583234381817349,127,0.24845982263651187,0.17703317433661014
252,FX,10,rng,convexity,False,0.18462667793397683,0.011340797307998265,267,0.17135721718138927,0.18462667793397683
126,FX,10,rng,convexity,False,0.18462667793397683,0.011340797307998265,267,0.17135721718138927,0.18462667793397683
126,gold,21,rng,skew_ratio,False,0.19232621746773942,0.017199635217811475,127,0.24845982263651187,0.19232621746773942
252,gold,21,rng,skew_ratio,False,0.19232621746773942,0.017199635217811475,127,0.24845982263651187,0.19232621746773942
126,gold,21,rng,updn,False,0.19270784370750843,0.017233753730912186,127,0.24845982263651187,0.19270784370750843
252,gold,21,rng,updn,False,0.19270784370750843,0.017233753730912186,127,0.24845982263651187,0.19270784370750843
126,all,10,ret,convexity,False,0.24084779985034574,0.014793543693436698,267,0.17135721718138927,0.24084779985034574
252,all,10,ret,convexity,False,0.24084779985034574,0.014793543693436698,267,0.17135721718138927,0.24084779985034574
126,FX,21,ret,cvol_chg5,False,0.24164071417276625,0.021694869389092816,126,0.2494438257849294,0.24164071417276625
252,FX,21,ret,cvol_chg5,False,0.24164071417276625,0.021694869389092816,126,0.2494438257849294,0.24164071417276625
252,FX,21,ret,convexity,True,0.2511638664632707,0.02245911269228998,127,0.24845982263651187,0.2511638664632707
126,FX,21,ret,convexity,True,0.2511638664632707,0.02245911269228998,127,0.24845982263651187,0.2511638664632707
252,all,10,ret,cvol_chg5,False,0.2624455148190359,0.01615029818948093,266,0.17167901505579042,0.2624455148190359
126,all,10,ret,cvol_chg5,False,0.2624455148190359,0.01615029818948093,266,0.17167901505579042,0.2624455148190359
126,all,10,rng,convexity,False,0.2640991254213997,0.016221345711348308,267,0.17135721718138927,0.2640991254213997
252,all,10,rng,convexity,False,0.2640991254213997,0.016221345711348308,267,0.17135721718138927,0.2640991254213997
126,FX,5,rng,vrp_trail20,False,0.2770685243042606,0.012045583599830323,531,0.12150965024876893,0.2770685243042606
252,FX,5,rng,vrp_trail20,False,0.2770685243042606,0.012045583599830323,531,0.12150965024876893,0.2770685243042606
252,FX,21,rng,skew,False,0.28671830481065574,0.025636436165922732,127,0.24845982263651187,0.28671830481065574
126,FX,21,rng,skew,False,0.28671830481065574,0.025636436165922732,127,0.24845982263651187,0.28671830481065574
252,all,21,rng,skew,False,0.2981175084608642,0.026654966512566734,127,0.24845982263651187,0.2981175084608642
126,all,21,rng,skew,False,0.2981175084608642,0.026654966512566734,127,0.24845982263651187,0.2981175084608642
252,FX,21,rng,skew,True,0.30360287797699553,0.027145060425178558,127,0.24845982263651187,0.30360287797699553
126,FX,21,rng,skew,True,0.30360287797699553,0.027145060425178558,127,0.24845982263651187,0.30360287797699553
126,all,10,rng,skew,True,0.3151351272759174,0.0193549706338687,267,0.17135721718138927,0.3151351272759174
252,all,10,rng,skew,True,0.3151351272759174,0.0193549706338687,267,0.17135721718138927,0.3151351272759174
126,all,5,rng,cvol_z,False,0.31527972655951114,0.013986907527288718,510,0.12398608397561334,0.31527972655951114
126,FX,21,ret,skew_ratio,True,0.31662106734594697,0.028308100039193727,127,0.24845982263651187,0.31662106734594697
252,FX,21,ret,skew_ratio,True,0.31662106734594697,0.028308100039193727,127,0.24845982263651187,0.31662106734594697
126,FX,21,ret,updn,True,0.316654357683153,0.02831107403869748,127,0.24845982263651187,0.316654357683153
252,FX,21,ret,updn,True,0.316654357683153,0.02831107403869748,127,0.24845982263651187,0.316654357683153
126,all,5,rng,vrp_trail20,False,0.3261067902922485,0.014177131146637077,531,0.12150965024876893,0.3261067902922485
252,all,5,rng,vrp_trail20,False,0.3261067902922485,0.014177131146637077,531,0.12150965024876893,0.3261067902922485
126,FX,21,rng,convexity,False,0.3326656593771498,0.029741358557348874,127,0.24845982263651187,0.3326656593771498
252,FX,21,rng,convexity,False,0.3326656593771498,0.029741358557348874,127,0.24845982263651187,0.3326656593771498
252,all,5,rng,cvol_z,True,0.342975926184411,0.015620219411027566,484,0.12727272727272726,0.342975926184411
252,all,5,rng,cvol_chg5,True,0.35217185305423354,0.015266806768923892,534,0.12116785027421631,0.35217185305423354
126,all,5,rng,cvol_chg5,True,0.35217185305423354,0.015266806768923892,534,0.12116785027421631,0.35217185305423354
252,all,21,rng,convexity,False,0.3642849009481957,0.03256535051076609,127,0.24845982263651187,0.3642849009481957
126,all,21,rng,convexity,False,0.3642849009481957,0.03256535051076609,127,0.24845982263651187,0.3642849009481957
126,all,21,ret,convexity,True,0.3678684825688555,0.03288536102948835,127,0.24845982263651187,0.3678684825688555
252,all,21,ret,convexity,True,0.3678684825688555,0.03288536102948835,127,0.24845982263651187,0.3678684825688555
126,gold,21,ret,convexity,False,0.3746308141393583,0.03348920334565192,127,0.24845982263651187,0.3746308141393583
252,gold,21,ret,convexity,False,0.3746308141393583,0.03348920334565192,127,0.24845982263651187,0.3746308141393583
252,gold,10,rng,skew,False,0.3746556603697017,0.02300882134418098,267,0.17135721718138927,0.3746556603697017
126,gold,10,rng,skew,False,0.3746556603697017,0.02300882134418098,267,0.17135721718138927,0.3746556603697017
252,all,1,ret,cvol_chg5,False,0.3839411058897493,0.0074329241580817435,2670,0.05418790998013285,0.3839411058897493
126,all,1,ret,cvol_chg5,False,0.3839411058897493,0.0074329241580817435,2670,0.05418790998013285,0.3839411058897493
252,gold,5,rng,vrp_trail20,False,0.3914791871870022,0.01703447280295778,530,0.12162422797365942,0.3914791871870022
126,gold,5,rng,vrp_trail20,False,0.3914791871870022,0.01703447280295778,530,0.12162422797365942,0.3914791871870022
252,all,21,ret,cvol_chg5,False,0.4109371038501407,0.03687813863694282,126,0.2494438257849294,0.4109371038501407
126,all,21,ret,cvol_chg5,False,0.4109371038501407,0.03687813863694282,126,0.2494438257849294,0.4109371038501407
252,FX,21,ret,convexity,False,0.43541859954348083,0.03891552279592609,127,0.24845982263651187,0.43541859954348083
126,FX,21,ret,convexity,False,0.43541859954348083,0.03891552279592609,127,0.24845982263651187,0.43541859954348083
252,FX,1,ret,vrp_trail20,False,0.471476399681763,0.009153203961553124,2655,0.05434076757569432,0.471476399681763
126,FX,1,ret,vrp_trail20,False,0.471476399681763,0.009153203961553124,2655,0.05434076757569432,0.471476399681763
252,gold,10,ret,convexity,False,0.4866300154056727,0.02988009650198251,267,0.17135721718138927,0.4866300154056727
126,gold,10,ret,convexity,False,0.4866300154056727,0.02988009650198251,267,0.17135721718138927,0.4866300154056727
126,FX,1,ret,cvol_z,False,0.4922069919745198,0.009750512001094409,2550,0.05544826240669376,0.4922069919745198
252,all,21,ret,convexity,False,0.5227435352094703,0.046704580925356946,127,0.24845982263651187,0.5227435352094703
126,all,21,ret,convexity,False,0.5227435352094703,0.046704580925356946,127,0.24845982263651187,0.5227435352094703
252,FX,10,ret,cvol_chg5,False,0.5294784977652364,0.0325698601243992,266,0.17167901505579042,0.5294784977652364
126,FX,10,ret,cvol_chg5,False,0.5294784977652364,0.0325698601243992,266,0.17167901505579042,0.5294784977652364
252,all,1,ret,cvol_z,True,0.533542006043299,0.010840667578220104,2424,0.05687111245916712,0.533542006043299
126,FX,5,rng,vrp_trail20,True,0.5348652484892454,0.023248725250247626,531,0.12150965024876893,0.5348652484892454
252,FX,5,rng,vrp_trail20,True,0.5348652484892454,0.023248725250247626,531,0.12150965024876893,0.5348652484892454
126,FX,21,rng,cvol_chg5,False,0.558951966591558,0.05013225213581005,126,0.2494438257849294,0.558951966591558
252,FX,21,rng,cvol_chg5,False,0.558951966591558,0.05013225213581005,126,0.2494438257849294,0.558951966591558
252,all,5,rng,skew,True,0.5653475534846147,0.024480581943958957,535,0.12105455632679274,0.5653475534846147
126,all,5,rng,skew,True,0.5653475534846147,0.024480581943958957,535,0.12105455632679274,0.5653475534846147
252,all,5,ret,skew,True,0.575340218796462,0.02491301637983837,535,0.12105455632679274,0.575340218796462
126,all,5,ret,skew,True,0.575340218796462,0.02491301637983837,535,0.12105455632679274,0.575340218796462
252,FX,5,rng,cvol_z,False,0.5831564406216774,0.02655268264374534,484,0.12727272727272726,0.5831564406216774
252,all,10,rng,skew,False,0.5971262702205545,0.03665652264925717,267,0.17135721718138927,0.5971262702205545
126,all,10,rng,skew,False,0.5971262702205545,0.03665652264925717,267,0.17135721718138927,0.5971262702205545
126,all,5,ret,skew,False,0.6189491742840093,0.02680003511732623,535,0.12105455632679274,0.6189491742840093
252,all,5,ret,skew,False,0.6189491742840093,0.02680003511732623,535,0.12105455632679274,0.6189491742840093
252,all,10,ret,skew,True,0.6332573253580607,0.03887128813332078,267,0.17135721718138927,0.6332573253580607
126,all,10,ret,skew,True,0.6332573253580607,0.03887128813332078,267,0.17135721718138927,0.6332573253580607
126,FX,10,rng,skew,False,0.6360669546077341,0.03904348952105197,267,0.17135721718138927,0.6360669546077341
252,FX,10,rng,skew,False,0.6360669546077341,0.03904348952105197,267,0.17135721718138927,0.6360669546077341
252,all,21,rng,cvol_chg5,False,0.6387184781484565,0.0572644895576465,126,0.2494438257849294,0.6387184781484565
126,all,21,rng,cvol_chg5,False,0.6387184781484565,0.0572644895576465,126,0.2494438257849294,0.6387184781484565
126,all,10,ret,skew,False,0.6444266076040058,0.03955582967403731,267,0.17135721718138927,0.6444266076040058
252,all,10,ret,skew,False,0.6444266076040058,0.03955582967403731,267,0.17135721718138927,0.6444266076040058
252,all,5,rng,vrp_trail20,True,0.6780013406529954,0.029465519593396383,531,0.12150965024876893,0.6780013406529954
126,all,5,rng,vrp_trail20,True,0.6780013406529954,0.029465519593396383,531,0.12150965024876893,0.6780013406529954
126,FX,10,rng,skew,True,0.6919440550684702,0.042467438879491504,267,0.17135721718138927,0.6919440550684702
252,FX,10,rng,skew,True,0.6919440550684702,0.042467438879491504,267,0.17135721718138927,0.6919440550684702
252,FX,10,rng,cvol_chg5,False,0.6996694929281285,0.04302181116118667,266,0.17167901505579042,0.6996694929281285
126,FX,10,rng,cvol_chg5,False,0.6996694929281285,0.04302181116118667,266,0.17167901505579042,0.6996694929281285
252,gold,21,ret,cvol_chg5,False,0.7189634377339159,0.06443066898422847,126,0.2494438257849294,0.7189634377339159
126,gold,21,ret,cvol_chg5,False,0.7189634377339159,0.06443066898422847,126,0.2494438257849294,0.7189634377339159
252,all,5,rng,cvol_z,False,0.7313340112520789,0.03329288487166813,484,0.12727272727272726,0.7313340112520789
126,gold,10,rng,skew_ratio,False,0.7552479423045165,0.04634466180489742,267,0.17135721718138927,0.7552479423045165
252,gold,10,rng,skew_ratio,False,0.7552479423045165,0.04634466180489742,267,0.17135721718138927,0.7552479423045165
126,gold,10,rng,updn,False,0.7555026103880866,0.04636025554968065,267,0.17135721718138927,0.7555026103880866
252,gold,10,rng,updn,False,0.7555026103880866,0.04636025554968065,267,0.17135721718138927,0.7555026103880866
252,all,1,ret,skew,True,0.7625485772370888,0.014747581434935719,2675,0.05413724338655716,0.7625485772370888
126,all,1,ret,skew,True,0.7625485772370888,0.014747581434935719,2675,0.05413724338655716,0.7625485772370888
126,all,10,rng,cvol_chg5,False,0.7676229967875282,0.0471912937251053,266,0.17167901505579042,0.7676229967875282
252,all,10,rng,cvol_chg5,False,0.7676229967875282,0.0471912937251053,266,0.17167901505579042,0.7676229967875282
126,FX,1,ret,vrp_trail20,True,0.7772855337995407,0.015089071425910264,2655,0.05434076757569432,0.7772855337995407
252,FX,1,ret,vrp_trail20,True,0.7772855337995407,0.015089071425910264,2655,0.05434076757569432,0.7772855337995407
252,all,1,ret,vrp_trail20,False,0.7973465366186748,0.015478413928295746,2655,0.05434076757569432,0.7973465366186748
126,all,1,ret,vrp_trail20,False,0.7973465366186748,0.015478413928295746,2655,0.05434076757569432,0.7973465366186748
252,all,1,ret,skew,False,0.8089191764184053,0.01564416905898161,2675,0.05413724338655716,0.8089191764184053
126,all,1,ret,skew,False,0.8089191764184053,0.01564416905898161,2675,0.05413724338655716,0.8089191764184053
126,FX,1,rng,cvol_chg5,True,0.8228571585571796,0.015928557137298325,2670,0.05418790998013285,0.8228571585571796
252,FX,1,rng,cvol_chg5,True,0.8228571585571796,0.015928557137298325,2670,0.05418790998013285,0.8228571585571796
252,all,5,rng,skew,False,0.827280402579363,0.03581050827919439,535,0.12105455632679274,0.827280402579363
126,all,5,rng,skew,False,0.827280402579363,0.03581050827919439,535,0.12105455632679274,0.827280402579363
252,FX,10,ret,skew,False,0.8481621840336816,0.052031613158729596,267,0.17135721718138927,0.8481621840336816
126,FX,10,ret,skew,False,0.8481621840336816,0.052031613158729596,267,0.17135721718138927,0.8481621840336816
252,gold,21,rng,cvol_chg5,False,0.8598665283775936,0.07698910478639855,126,0.2494438257849294,0.8598665283775936
126,gold,21,rng,cvol_chg5,False,0.8598665283775936,0.07698910478639855,126,0.2494438257849294,0.8598665283775936
252,gold,5,rng,skew,False,0.8705838103491816,0.03771773725413973,534,0.12116785027421631,0.8705838103491816
126,gold,5,rng,skew,False,0.8705838103491816,0.03771773725413973,534,0.12116785027421631,0.8705838103491816
126,all,1,ret,cvol_z,False,0.8767425708294014,0.01736628339500017,2550,0.05544826240669376,0.8767425708294014
252,gold,5,ret,convexity,False,0.8979513818790844,0.038901660612977784,534,0.12116785027421631,0.8979513818790844
126,gold,5,ret,convexity,False,0.8979513818790844,0.038901660612977784,534,0.12116785027421631,0.8979513818790844
252,FX,5,ret,skew,False,0.9550974749888914,0.04133450775100572,535,0.12105455632679274,0.9550974749888914
126,FX,5,ret,skew,False,0.9550974749888914,0.04133450775100572,535,0.12105455632679274,0.9550974749888914
126,FX,10,ret,skew,True,0.972700968898466,0.059646161073102826,267,0.17135721718138927,0.972700968898466
252,FX,10,ret,skew,True,0.972700968898466,0.059646161073102826,267,0.17135721718138927,0.972700968898466
252,FX,1,ret,cvol_z,False,1.0462915632055656,0.021255314104426267,2424,0.05687111245916712,1.0462915632055656
126,all,1,ret,vrp_trail20,True,1.1329753465687902,0.021991091988431737,2655,0.05434076757569432,1.1329753465687902
252,all,1,ret,vrp_trail20,True,1.1329753465687902,0.021991091988431737,2655,0.05434076757569432,1.1329753465687902
126,all,1,rng,cvol_chg5,True,1.1459369159032624,0.022179969548352094,2670,0.05418790998013285,1.1459369159032624
252,all,1,rng,cvol_chg5,True,1.1459369159032624,0.022179969548352094,2670,0.05418790998013285,1.1459369159032624
252,gold,5,ret,cvol_chg5,False,1.1529724790622005,0.04997223078389287,533,0.12128146291077878,1.1529724790622005
126,gold,5,ret,cvol_chg5,False,1.1529724790622005,0.04997223078389287,533,0.12128146291077878,1.1529724790622005
252,FX,5,ret,skew,True,1.178487877697519,0.050979601016368246,535,0.12105455632679274,1.178487877697519
126,FX,5,ret,skew,True,1.178487877697519,0.050979601016368246,535,0.12105455632679274,1.178487877697519
252,FX,5,rng,skew,False,1.194838746074518,0.051685038238775745,535,0.12105455632679274,1.194838746074518
126,FX,5,rng,skew,False,1.194838746074518,0.051685038238775745,535,0.12105455632679274,1.194838746074518
126,FX,1,ret,skew,False,1.2093491250135935,0.023384787956595404,2675,0.05413724338655716,1.2093491250135935
252,FX,1,ret,skew,False,1.2093491250135935,0.023384787956595404,2675,0.05413724338655716,1.2093491250135935
126,FX,5,ret,cvol_chg5,False,1.272532195953521,0.05508749183659625,534,0.12116785027421631,1.272532195953521
252,FX,5,ret,cvol_chg5,False,1.272532195953521,0.05508749183659625,534,0.12116785027421631,1.272532195953521
252,all,5,ret,cvol_chg5,False,1.3317373540312485,0.0576421361890551,534,0.12116785027421631,1.3317373540312485
126,all,5,ret,cvol_chg5,False,1.3317373540312485,0.0576421361890551,534,0.12116785027421631,1.3317373540312485
126,all,1,rng,skew,False,1.3524632285566518,0.026150346143241802,2675,0.05413724338655716,1.3524632285566518
252,all,1,rng,skew,False,1.3524632285566518,0.026150346143241802,2675,0.05413724338655716,1.3524632285566518
126,gold,1,ret,cvol_chg5,False,1.370169680648707,0.02652223042891201,2669,0.05419806038014323,1.370169680648707
252,gold,1,ret,cvol_chg5,False,1.370169680648707,0.02652223042891201,2669,0.05419806038014323,1.370169680648707
126,gold,5,rng,skew_ratio,False,1.3905330830674452,0.06017799409477948,534,0.12116785027421631,1.3905330830674452
252,gold,5,rng,skew_ratio,False,1.3905330830674452,0.06017799409477948,534,0.12116785027421631,1.3905330830674452
252,gold,5,rng,updn,False,1.3907905249085228,0.060189095027549835,534,0.12116785027421631,1.3907905249085228
126,gold,5,rng,updn,False,1.3907905249085228,0.060189095027549835,534,0.12116785027421631,1.3907905249085228
126,gold,10,rng,cvol_chg5,False,1.390830151617695,0.0852877840229437,266,0.17167901505579042,1.390830151617695
252,gold,10,rng,cvol_chg5,False,1.390830151617695,0.0852877840229437,266,0.17167901505579042,1.390830151617695
252,all,1,ret,cvol_z,False,1.4412090854487427,0.029272093137595406,2424,0.05687111245916712,1.4412090854487427
252,gold,5,rng,cvol_z,False,1.4443582830367676,0.06571471575306792,483,0.1274044114541212,1.4443582830367676
126,FX,1,rng,cvol_z,True,1.493569569945116,0.029575746671281655,2550,0.05544826240669376,1.493569569945116
252,FX,5,rng,skew,True,1.5176133155092941,0.06559356400842799,535,0.12105455632679274,1.5176133155092941
126,FX,5,rng,skew,True,1.5176133155092941,0.06559356400842799,535,0.12105455632679274,1.5176133155092941
126,FX,5,rng,cvol_chg5,False,1.5197205866644479,0.06574568854394941,534,0.12116785027421631,1.5197205866644479
252,FX,5,rng,cvol_chg5,False,1.5197205866644479,0.06574568854394941,534,0.12116785027421631,1.5197205866644479
252,FX,1,rng,cvol_z,True,1.6424702948179801,0.03335559735990195,2424,0.05687111245916712,1.6424702948179801
126,gold,5,rng,cvol_z,False,1.692149224651413,0.0749396660830606,509,0.12410781800982214,1.692149224651413
252,FX,1,ret,skew,True,1.7005595628123662,0.03287437956567577,2675,0.05413724338655716,1.7005595628123662
126,FX,1,ret,skew,True,1.7005595628123662,0.03287437956567577,2675,0.05413724338655716,1.7005595628123662
252,all,1,rng,skew,True,1.7431318147584303,0.03369644230305519,2675,0.05413724338655716,1.7431318147584303
126,all,1,rng,skew,True,1.7431318147584303,0.03369644230305519,2675,0.05413724338655716,1.7431318147584303
252,gold,1,ret,skew_ratio,False,1.7939538519715479,0.034684197942974865,2674,0.05414736533548856,1.7939538519715479
126,gold,1,ret,skew_ratio,False,1.7939538519715479,0.034684197942974865,2674,0.05414736533548856,1.7939538519715479
252,gold,1,ret,updn,False,1.7939760622225043,0.03468462683806752,2674,0.05414736533548856,1.7939760622225043
126,gold,1,ret,updn,False,1.7939760622225043,0.03468462683806752,2674,0.05414736533548856,1.7939760622225043
126,gold,1,ret,skew,False,1.8733836424262422,0.03621791705366965,2674,0.05414736533548856,1.8733836424262422
252,gold,1,ret,skew,False,1.8733836424262422,0.03621791705366965,2674,0.05414736533548856,1.8733836424262422
252,all,5,rng,cvol_chg5,False,1.9267147138741845,0.08324374948529062,534,0.12116785027421631,1.9267147138741845
126,all,5,rng,cvol_chg5,False,1.9267147138741845,0.08324374948529062,534,0.12116785027421631,1.9267147138741845
126,FX,1,rng,skew,False,1.9902650394218941,0.03846713837523559,2675,0.05413724338655716,1.9902650394218941
252,FX,1,rng,skew,False,1.9902650394218941,0.03846713837523559,2675,0.05413724338655716,1.9902650394218941
252,FX,1,rng,cvol_chg5,False,2.179081859635108,0.042149701794291936,2670,0.05418790998013285,2.179081859635108
126,FX,1,rng,cvol_chg5,False,2.179081859635108,0.042149701794291936,2670,0.05418790998013285,2.179081859635108
252,gold,1,ret,vrp_trail20,False,2.2420390859457853,0.0434955890711748,2654,0.05435100413367825,2.2420390859457853
126,gold,1,ret,vrp_trail20,False,2.2420390859457853,0.0434955890711748,2654,0.05435100413367825,2.2420390859457853
126,all,1,rng,cvol_z,True,2.3481253979262604,0.04646780845496106,2550,0.05544826240669376,2.3481253979262604
126,gold,5,rng,cvol_chg5,False,2.5284195288704585,0.1090694622123095,533,0.12128146291077878,2.5284195288704585
252,gold,5,rng,cvol_chg5,False,2.5284195288704585,0.1090694622123095,533,0.12128146291077878,2.5284195288704585
252,all,1,rng,cvol_chg5,False,2.5339092693477463,0.04899775682982881,2670,0.05418790998013285,2.5339092693477463
126,all,1,rng,cvol_chg5,False,2.5339092693477463,0.04899775682982881,2670,0.05418790998013285,2.5339092693477463
126,gold,1,rng,updn,False,2.5997484412492047,0.050230156337056374,2674,0.05414736533548856,2.5997484412492047
252,gold,1,rng,updn,False,2.5997484412492047,0.050230156337056374,2674,0.05414736533548856,2.5997484412492047
252,gold,1,rng,skew_ratio,False,2.6000227077131783,0.05023544211114774,2674,0.05414736533548856,2.6000227077131783
126,gold,1,rng,skew_ratio,False,2.6000227077131783,0.05023544211114774,2674,0.05414736533548856,2.6000227077131783
126,gold,1,rng,skew,False,2.6673242003794675,0.051532374973316364,2674,0.05414736533548856,2.6673242003794675
252,gold,1,rng,skew,False,2.6673242003794675,0.051532374973316364,2674,0.05414736533548856,2.6673242003794675
126,gold,1,ret,cvol_z,False,2.9872220533746057,0.05908722331695193,2549,0.05545913781376249,2.9872220533746057
126,FX,1,rng,cvol_z,False,2.9903031900092087,0.059136387782279705,2550,0.05544826240669376,2.9903031900092087
126,all,1,rng,cvol_z,False,3.401099212990377,0.06722580468203836,2550,0.05544826240669376,3.401099212990377
252,all,1,rng,cvol_z,True,3.4329403143347244,0.06958652361226804,2424,0.05687111245916712,3.4329403143347244
126,FX,1,rng,skew,True,3.4596243462562253,0.06676660704182696,2675,0.05413724338655716,3.4596243462562253
252,FX,1,rng,skew,True,3.4596243462562253,0.06676660704182696,2675,0.05413724338655716,3.4596243462562253
252,gold,1,ret,cvol_z,False,3.5576279742841455,0.07211587417602736,2423,0.05688284693003567,3.5576279742841455
252,FX,1,rng,cvol_z,False,3.632733111666247,0.07361502513604438,2424,0.05687111245916712,3.632733111666247
126,FX,1,rng,vrp_trail20,False,3.866247706677274,0.07485158577300302,2655,0.05434076757569432,3.866247706677274
252,FX,1,rng,vrp_trail20,False,3.866247706677274,0.07485158577300302,2655,0.05434076757569432,3.866247706677274
252,all,1,rng,cvol_z,False,3.872760602624846,0.07845001676676328,2424,0.05687111245916712,3.872760602624846
252,gold,1,rng,cvol_chg5,False,3.9050523589945167,0.07540103028220922,2669,0.05419806038014323,3.9050523589945167
126,gold,1,rng,cvol_chg5,False,3.9050523589945167,0.07540103028220922,2669,0.05419806038014323,3.9050523589945167
252,FX,1,rng,vrp_trail20,True,4.131986248695552,0.07996450895633075,2655,0.05434076757569432,4.131986248695552
126,FX,1,rng,vrp_trail20,True,4.131986248695552,0.07996450895633075,2655,0.05434076757569432,4.131986248695552
126,all,1,rng,vrp_trail20,False,4.168201584360034,0.08066082815932439,2655,0.05434076757569432,4.168201584360034
252,all,1,rng,vrp_trail20,False,4.168201584360034,0.08066082815932439,2655,0.05434076757569432,4.168201584360034
252,all,1,rng,vrp_trail20,True,4.846986056545941,0.0936890191427521,2655,0.05434076757569432,4.846986056545941
126,all,1,rng,vrp_trail20,True,4.846986056545941,0.0936890191427521,2655,0.05434076757569432,4.846986056545941
252,gold,1,rng,cvol_z,False,5.294373149929025,0.10698366222697357,2423,0.05688284693003567,5.294373149929025
126,gold,1,rng,vrp_trail20,False,5.514105795995903,0.10646647863544789,2654,0.05435100413367825,5.514105795995903
252,gold,1,rng,vrp_trail20,False,5.514105795995903,0.10646647863544789,2654,0.05435100413367825,5.514105795995903
126,gold,1,rng,cvol_z,False,5.711245744265985,0.11244835861168553,2549,0.05545913781376249,5.711245744265985
