date,r5
2016-02-04,-0.0030388779313636283
2016-02-05,-0.008676076792388908
2016-02-08,-0.003737606560090163
2016-02-09,0.006401713041463522
2016-02-10,0.0027809864278558814
2016-02-11,0.006661760311705283
2016-02-12,0.0018877461076066346
2016-02-15,0.0002305667123707559
2016-02-16,-0.0034766436646611015
2016-02-17,0.00036015198394616284
2016-02-18,-0.0022385478383425026
2016-02-19,0.007220229070962295
2016-02-22,0.006934642904050448
2016-02-23,0.0036240586220004536
2016-02-24,-0.000653490827824823
2016-02-25,-0.005216938414365511
2016-02-26,-0.016243945934286186
2016-02-29,-0.018042274435814087
2016-03-01,-0.014462245702094128
2016-03-02,-0.01199378413056106
2016-03-03,-0.007275689024466329
2016-03-04,-0.008676903891327917
2016-03-07,0.0005025656438783264
2016-03-08,0.001232155767472608
2016-03-09,0.0005398575535556126
2016-03-10,-0.01870629144983372
2016-03-11,-0.010956734335216947
2016-03-14,-0.014271394380112204
2016-03-24,-0.01685716259137852
2016-03-25,-0.018150830647133326
2016-03-28,-0.012566209572538109
2016-03-29,0.001022323217454756
2016-03-30,0.0033759196994120493
2016-03-31,0.004664348533087548
2016-04-01,0.0002895569197041526
2016-04-04,-0.006066423375903391
2016-04-05,-0.012897196272584814
2016-04-06,-0.004684262014021263
2016-04-07,-0.005943662635557902
2016-04-08,-0.004115212776726181
2016-04-11,-0.0015266243338198364
2016-04-12,-0.0065057489994500926
2016-04-13,-0.0070897833255220795
2016-04-14,-0.003202588638319574
2016-04-15,0.004387957488064882
2016-04-18,0.004137768877874708
2016-04-19,0.008771996625256287
2016-04-20,0.011271723299242125
2016-04-21,-0.008889071395139343
2016-04-22,-0.01502346950891234
2016-04-25,-0.018393372697410326
2016-05-05,0.006749988232276763
2016-05-06,0.007341023174480679
2016-05-09,0.002349530808773273
2016-05-10,-8.807053507188182e-05
2016-05-11,0.009155566981204987
2016-05-12,0.010789071125496477
2016-05-13,0.006485372676159224
2016-05-16,0.006432386296191341
2016-05-17,0.011077409292964278
2016-05-18,0.0020103949141410857
2016-05-19,-0.001063913610536619
2016-05-20,0.0026564030781125437
2016-05-23,0.0038217861058947923
2016-05-24,0.0008806485805407514
2016-05-25,-0.00013673125830304772
2016-05-26,0.0010530113660389554
2016-05-27,-0.019033428735074166
2016-05-30,-0.020442723385571387
2016-05-31,-0.02458306862513567
2016-06-01,-0.023700750414955504
2016-06-02,-0.024006614642698192
2016-06-03,-0.0027821220281185857
2016-06-06,-0.0019948873717759307
2016-06-07,0.006218223713553449
2016-06-08,0.0052055356150189774
2016-06-09,0.006665292524254788
2016-06-10,-0.0045135579458507515
2016-06-13,-0.010096822720726279
2016-06-23,0.026847280911788812
2016-06-24,0.005451222748033156
2016-06-27,-0.014489130485720637
2016-06-28,-0.005847549811681055
2016-06-29,0.0016361445024122279
2016-06-30,-0.0024067288287771336
2016-07-01,0.0006168162854024412
2016-07-04,0.009979975270932862
2016-07-05,-0.0030390471379714646
2016-07-06,-0.0026089147606211077
2016-07-07,-0.002937011992813356
2016-07-08,0.0054172043657738575
2016-07-11,0.0005470421749140332
2016-07-12,0.011743112073755087
2016-07-13,0.013890513424305561
2016-07-14,0.014050268595924816
2016-07-15,0.011239787240961942
2016-07-18,0.010185200576693828
2016-07-19,0.00048529879249253546
2016-07-20,0.003627892012691977
2016-07-21,-0.0027759858489198623
2016-07-22,-0.0203763211074918
2016-07-25,-0.01746192380624409
2016-08-04,0.0006102403805422013
2016-08-05,-0.004346972105324761
2016-08-08,-0.007388128814693507
2016-08-09,-0.014539874213105002
2016-08-10,-0.002678592623206142
2016-08-11,-0.013394792583094117
2016-08-12,-0.008809485545963695
2016-08-15,-0.006672674537073425
2016-08-16,-0.00032403565395566634
2016-08-17,0.0007889325782234873
2016-08-18,0.006376742058667183
2016-08-19,0.007858456929644823
2016-08-22,0.008238935442530154
2016-08-23,0.016612204332179144
2016-08-24,0.014347360637835458
2016-08-25,0.009438664143928466
2016-08-26,0.00183575440189959
2016-08-29,-0.001120857901248967
2016-08-30,-0.01919452991310901
2016-08-31,-0.016377195547643053
2016-09-01,-0.008948083228710524
2016-09-02,-0.0025942464368375255
2016-09-05,-0.004085903428284095
2016-09-06,0.01571052401182946
2016-09-07,0.012447794956691008
2016-09-08,0.006708009782673556
2016-09-09,0.00789622241071416
2016-09-12,0.008821072628158467
2016-09-13,-0.0010595041177013935
2016-09-14,-0.0007283364422990256
2016-09-15,-0.003440220276490587
2016-09-16,-0.006700343478348006
2016-09-19,-0.005106908686452314
2016-09-29,0.014448985020179389
2016-09-30,0.016329789737718294
2016-10-03,0.015703043202062106
2016-10-04,0.01637447120673156
2016-10-05,0.015422610651295956
2016-10-06,0.006837965343698529
2016-10-07,0.00704607416279414
2016-10-10,0.003854545712191307
2016-10-11,-0.006526148404138628
2016-10-12,-0.00805305048424698
2016-10-13,-0.00039074922070067613
2016-10-14,0.003922041952182033
2016-10-17,0.006229970351827784
2016-10-18,0.007215441773479316
2016-10-19,0.00857157477464932
2016-10-20,0.007744642744655837
2016-10-21,-0.0008477912167446701
2016-10-24,-0.00125100627358148
2016-10-25,-0.004703392656527546
2016-10-26,-0.01167653094433645
2016-10-27,-0.017389394766913053
2016-10-28,-0.015675961634086088
2016-10-31,-0.01108573742154863
2016-11-10,0.0209886357907523
2016-11-11,0.019710735433935367
2016-11-14,0.01107484801785357
2016-11-15,0.009286674045082448
2016-11-16,0.011405058614288961
2016-11-17,0.007152491966831571
2016-11-18,0.0001645344477071459
2016-11-21,-0.0012413556414195483
2016-11-22,-0.003889896589853245
2016-11-23,-0.0015367129529821279
2016-11-24,-0.005779351358458271
2016-11-25,-0.00793574313509825
2016-11-28,-0.008813550613402865
2016-11-29,-0.0013689651410617712
2016-11-30,-0.01040293966485655
2016-12-01,-0.0015521428743232267
2016-12-02,0.005133511166124405
2016-12-05,0.002282375910313891
2016-12-06,-0.0012393964259873813
2016-12-07,0.004770800125874742
2016-12-08,0.016560322674500506
2016-12-09,0.01444151407098972
2016-12-12,0.022517147788880077
2016-12-22,-0.003029923783604077
2016-12-23,-0.007250046046247507
2016-12-27,-0.0019314929009831472
2016-12-28,-0.008641773500094997
2016-12-29,-0.013666491936847875
2016-12-30,-0.0029832373895558365
2017-01-03,-0.011172736503078682
2017-01-04,-0.014368384923655308
2017-01-05,-0.0056489955559278215
2017-01-06,-0.012432713267013961
2017-01-09,-0.007107839439784715
2017-01-10,-0.02023233797237082
2017-01-11,-0.009215504326030192
2017-01-12,0.0008432336075043373
2017-01-13,-0.0022352809967102305
2017-01-16,-0.012355870634942189
2017-01-17,-0.0005159499022532323
2017-01-18,-0.008486806705814146
2017-01-19,-0.01060380761489175
2017-01-20,-0.005565690247940916
2017-01-23,-0.001662701363891193
2017-01-24,-0.008042263645602147
2017-01-25,-0.002721582200404323
2017-01-26,-0.007152657285591197
2017-01-27,-0.008311350060680005
2017-01-30,-0.0069351236342126395
2017-02-09,-0.0027523001016584144
2017-02-10,0.0001594857314528966
2017-02-13,-0.0006480425674283424
2017-02-14,0.0005064721888930519
2017-02-15,0.002835912239777909
2017-02-16,0.0021418962288954108
2017-02-17,-0.0010384748106381425
2017-02-20,0.0012461459506754257
2017-02-21,-0.002318289803838838
2017-02-22,0.004351800440066984
2017-02-23,0.016504808316776493
2017-02-24,0.013447811451493749
2017-02-27,0.012463842948734082
2017-02-28,0.015073203754425222
2017-03-01,0.012028662816601194
2017-03-02,0.0044282357545936185
2017-03-03,0.005839419846564995
2017-03-06,0.00112618494430713
2017-03-07,0.0019445692624053437
2017-03-08,-0.009380991046948743
2017-03-09,-0.014213515941913404
2017-03-10,-0.01491636529224549
2017-03-13,-0.012763282853227797
2017-03-23,0.002217453383983364
2017-03-24,0.002896710431475164
2017-03-27,0.008369066881627654
2017-03-28,0.005267715307013129
2017-03-29,0.007066750341080323
2017-03-30,0.004545301537875282
2017-03-31,0.010218485691580428
2017-04-03,0.0047248060264711966
2017-04-04,0.0006685493201743963
2017-04-05,0.0008984945433564716
2017-04-06,-0.004699135144665543
2017-04-07,-0.010094290163237703
2017-04-10,-0.009831444920412036
2017-04-11,-0.01053442610397716
2017-04-12,-0.007514056520011699
2017-04-13,-0.0028267871271474405
2017-04-14,-0.001882298504209172
2017-04-17,-0.0012022802466810536
2017-04-18,0.004442943085185025
2017-04-19,0.0038681848330291762
2017-04-20,0.0042222388088478885
2017-04-21,0.0034578831014084044
2017-04-24,0.0043405896024161965
2017-04-25,0.0025402099241936776
2017-04-26,0.0013570860577687533
2017-04-27,0.00304347861265154
2017-04-28,6.766194407012712e-05
2017-05-01,0.00460561283069806
2017-05-11,-0.01239286004658628
2017-05-12,-0.01749015516593658
2017-05-15,-0.016847276715071326
2017-05-16,-0.009642041323630886
2017-05-17,-0.00426338297637629
2017-05-18,-0.007855026725843258
2017-05-19,-8.41264447563162e-05
2017-05-22,0.0022845745624273657
2017-05-23,-0.0009440684539414331
2017-05-24,-0.0012522471654765337
2017-05-25,0.0004755244171127421
2017-05-26,-0.005620662970593497
2017-05-29,-0.007344166094225965
2017-05-30,-0.008180860824041498
2017-05-31,-0.007623468543598887
2017-06-01,-0.008875666912156872
2017-06-02,-0.00010560257104165973
2017-06-05,5.291379717739445e-05
2017-06-06,0.0009838075988160193
2017-06-07,-0.00504183704225822
2017-06-08,0.0028094484623811147
2017-06-09,-0.00460363948621965
2017-06-12,-0.00019189888499418706
2017-06-22,-0.014514298378322906
2017-06-23,-0.011591126154184452
2017-06-26,-0.00815354816763363
2017-06-27,-0.002814112208402208
2017-06-28,0.003442417612727122
2017-06-29,0.004370213536444826
2017-06-30,0.005804380535922048
2017-07-03,0.0008445525263569138
2017-07-04,0.00044849396643757526
2017-07-05,-0.006146665750189424
2017-07-06,-0.004267771718866559
2017-07-07,-0.012734351163272286
2017-07-10,-0.011846690235112074
2017-07-11,-0.017436439270681576
2017-07-12,-0.01408290973915693
2017-07-13,-0.014885782276504417
2017-07-14,-0.010900829861254025
2017-07-17,-0.012629485783156879
2017-07-18,-0.005206229602556649
2017-07-19,-0.0037833681569934595
2017-07-20,-0.0027725310147173874
2017-07-21,-0.0018616995327593664
2017-07-24,-0.003962962437356017
2017-08-03,0.006577049210377303
2017-08-04,-0.0020421886271482855
2017-08-07,0.002443238207467078
2017-08-08,0.005665176483828526
2017-08-09,0.0032528211011857394
2017-08-10,0.00029479926874506336
2017-08-11,0.0018990335302157709
2017-08-14,-0.006751547471835731
2017-08-15,-0.006477161072782829
2017-08-16,4.922110905066541e-05
2017-08-17,0.00017212254961261955
2017-08-18,-0.002361354031261813
2017-08-21,-0.0029967627043981726
2017-08-22,-0.007702076780735113
2017-08-23,-9.994768133444673e-05
2017-08-24,-0.0015633095008521967
2017-08-25,0.0015500181251144282
2017-08-28,0.0034073152258674833
2017-08-29,-0.0018855024101147634
2017-08-30,-0.010633772496108926
2017-08-31,-0.012498908357309841
2017-09-01,-0.017755310910438752
2017-09-04,-0.01105042563785572
2017-09-05,-0.005222785228891144
2017-09-06,0.0005447207115938647
2017-09-07,0.003262521277375052
2017-09-08,0.004732270224447761
2017-09-11,0.004709462092844464
2017-09-12,0.0009839117491229476
2017-09-13,-0.00935264487996875
2017-09-14,0.0024957158839706184
2017-09-15,0.004712826851173669
2017-09-18,0.0023466469498048606
2017-09-28,0.011435988404779251
2017-09-29,0.011013287026460015
2017-10-02,0.006633066890357268
2017-10-03,0.0013803051973927266
2017-10-04,0.0018611137843660883
2017-10-05,-0.007479716990937151
2017-10-06,-0.00977653172028142
2017-10-09,-0.007646733018972917
2017-10-10,-0.0011667730139312143
2017-10-11,0.0001740125374330584
2017-10-12,0.003867493030427335
2017-10-13,0.011848337916396556
2017-10-16,0.011206311928902282
2017-10-17,0.013720093814882163
2017-10-18,0.01399205659124772
2017-10-19,0.0180044784851399
2017-10-20,0.013552082605013735
2017-10-23,0.008439319053085037
2017-10-24,0.005906522323383074
2017-10-25,0.00443408745200814
2017-10-26,-0.0009815849089516782
2017-10-27,0.00018613960110264903
2017-10-30,-0.0006823785492245747
2017-11-09,0.0023231247452736126
2017-11-10,0.000324260957572006
2017-11-13,0.00038904281880651904
2017-11-14,0.001332266557678232
2017-11-15,-0.004315573336726001
2017-11-16,-0.008238239200553733
2017-11-17,-0.007970878740144025
2017-11-20,-0.010119138539415555
2017-11-21,-0.007092072835638069
2017-11-22,0.0022147507336808636
2017-11-23,0.002892505220612991
2017-11-24,-0.0009627506995661417
2017-11-27,0.0027522864345537815
2017-11-28,0.00203861148434346
2017-11-29,0.0024110785277222714
2017-11-30,0.003296283850009015
2017-12-01,0.011053886457198195
2017-12-04,0.005462701361078556
2017-12-05,0.006087631265420648
2017-12-06,-0.0029972628330388884
2017-12-07,-0.009436238284913731
2017-12-08,-0.005796857474131305
2017-12-11,-0.006605451295990222
2017-12-21,-0.008907474131598146
2017-12-22,-0.012025197993572897
2017-12-26,-0.013319808882070563
2017-12-27,-0.00899933168238654
2017-12-28,-0.006466901282781583
2017-12-29,-0.004048549470120709
2018-01-02,0.0021380861883247993
2018-01-03,-0.003534007082516991
2018-01-04,-0.00366979382182631
2018-01-05,-0.007881269518617152
2018-01-08,-0.01679966247350748
2018-01-09,-0.017657753666077674
2018-01-10,-0.02034867587248695
2018-01-11,-0.011658461023260151
2018-01-12,-0.0060206142934766445
2018-01-15,-0.0007364529735636058
2018-01-16,-0.0030705353549222484
2018-01-17,-0.012647237709553812
2018-01-18,-0.018079568427628624
2018-01-19,-0.018732987532067917
2018-01-22,-0.012225555091075818
2018-01-23,-0.010841121176670614
2018-01-24,-0.0018934394296950287
2018-01-25,-0.005247424779832976
2018-01-26,0.005761487420454534
2018-01-29,0.007176488440083528
2018-02-08,-0.015749968771026173
2018-02-09,-0.014609070500257556
2018-02-12,-0.012128458869300788
2018-02-13,-0.0031402469469462746
2018-02-14,0.006291910140943937
2018-02-15,0.010911941937985966
2018-02-16,0.00804857039210404
2018-02-19,0.0071871370408244034
2018-02-20,0.006518051109307629
2018-02-21,0.008511440756556079
2018-02-22,0.012520429750103182
2018-02-23,0.005583593117580463
2018-02-26,0.007212750045770084
2018-02-27,-0.002877396766266158
2018-02-28,-0.00496780853676076
2018-03-01,-0.0007867623970907234
2018-03-02,-0.000257744038022139
2018-03-05,-0.004268747701295253
2018-03-06,-0.00033092968357830777
2018-03-07,-0.002513634684209759
2018-03-08,-0.0029198085853680894
2018-03-09,0.005292430622316385
2018-03-12,0.005015963739662026
2018-03-13,0.010448706590330615
2018-03-14,0.0056351081623790536
2018-03-15,-0.0005685937007507005
2018-03-16,-0.009494476114695666
2018-03-19,-0.00900235067220915
2018-03-29,0.0014638096349606968
2018-03-30,-0.00026933892578444296
2018-04-02,-0.004632623590631558
2018-04-03,-0.007218105688149327
2018-04-04,-0.007197773298279523
2018-04-05,-0.009213665353221113
2018-04-06,-0.005860532972226142
2018-04-09,-0.005581774215700782
2018-04-10,-0.00029094988477847687
2018-04-11,0.0019818586626906285
2018-04-12,0.006413085049036274
2018-04-13,0.010672770667779108
2018-04-16,0.02141458638463749
2018-04-17,0.0197909549158517
2018-04-18,0.02209652748897131
2018-04-19,0.01877183477524922
2018-04-20,0.014476793225544002
2018-04-23,0.009496903686365275
2018-04-24,0.015337009039360189
2018-04-25,0.011531658812853922
2018-04-26,0.007069475212371293
2018-04-27,0.007750799947266436
2018-04-30,0.006091346987243978
2018-05-10,0.005828218078853943
2018-05-11,0.00641130344335493
2018-05-14,0.004822450442960388
2018-05-15,-0.002343656675228181
2018-05-16,0.003761339691706062
2018-05-17,-0.0024728441223369293
2018-05-18,0.0015732735110564808
2018-05-21,0.002031657592369528
2018-05-22,0.00598900426792809
2018-05-23,-0.0024300338484070827
2018-05-24,-8.088427345573147e-05
2018-05-25,-0.002593510554721099
2018-05-28,-0.006149512654052382
2018-05-29,-0.007946995505029295
2018-05-30,-0.0036390116222599317
2018-05-31,-0.0032543085382511945
2018-06-01,-0.004437965085496253
2018-06-04,0.000270738463836116
2018-06-05,0.0029450280421443567
2018-06-06,0.0027454083135305335
2018-06-07,0.012788195697818524
2018-06-08,0.0138125391474014
2018-06-11,0.013051286524126083
2018-06-21,0.006390111432605404
2018-06-22,0.004732047795666068
2018-06-25,0.010896130840665487
2018-06-26,0.0015131923757690873
2018-06-27,-0.004421070990011193
2018-06-28,-0.005950873402063093
2018-06-29,-0.00472679230097293
2018-07-02,-0.01041095206835412
2018-07-03,-0.00483977527695858
2018-07-04,0.0037104823870283696
2018-07-05,0.0031070121052510858
2018-07-06,0.0077406568960292485
2018-07-09,0.006015306043951561
2018-07-10,0.00883773730603979
2018-07-11,0.0015255909153514388
2018-07-12,0.0031087383075925797
2018-07-13,-0.002992236986341604
2018-07-16,0.0014240558514957038
2018-07-17,-0.004656903296813188
2018-07-18,-0.007902918358429163
2018-07-19,-0.006969633571693104
2018-07-20,0.0006035328927598856
2018-07-23,-0.005161048259574861
2018-07-24,-0.0021653126171764145
2018-07-25,0.0027923704613332526
2018-07-26,0.002071410867344013
2018-07-27,0.002379473627177202
2018-07-30,0.00826637727818391
2018-08-09,0.009683578221558761
2018-08-10,-0.0014476215398281336
2018-08-13,-0.0049918454237481355
2018-08-14,-0.014131772782489893
2018-08-15,-0.014335805074646048
2018-08-16,-0.006498875858411337
2018-08-17,-0.006528655908785515
2018-08-20,-0.007209133428232718
2018-08-21,-0.0029837719510756727
2018-08-22,-0.00289487782511477
2018-08-23,-0.007918770708889258
2018-08-24,0.0014484234712025899
2018-08-27,0.005707667104448158
2018-08-28,0.011035039459287885
2018-08-29,0.009834211448222373
2018-08-30,0.005102328683235231
2018-08-31,0.005912236535079618
2018-09-03,0.003992367267611651
2018-09-04,-6.17820066891794e-05
2018-09-05,-0.003913950214367067
2018-09-06,-0.0019256360918413005
2018-09-07,-0.004540997212761152
2018-09-10,-0.007988491855636782
2018-09-11,-0.008222777368227746
2018-09-12,-0.004269596159999732
2018-09-13,-0.007894192201288569
2018-09-14,-0.00835546204840128
2018-09-17,-0.0032455125120968405
2018-09-18,-0.0026094453651592238
2018-09-19,-0.0018699257660679488
2018-09-20,0.010531737887813693
2018-09-21,0.008172096384075388
2018-09-24,0.0073373355387956985
2018-10-04,-0.006599166574975002
2018-10-05,-0.004966020753856532
2018-10-08,-0.00649512567557709
2018-10-09,-0.0061281160880030435
2018-10-10,-0.0015208673105759974
2018-10-11,0.005282722505974503
2018-10-12,0.001827717209474253
2018-10-15,0.007783946724154925
2018-10-16,0.007718877061292888
2018-10-17,0.006325793005796132
2018-10-18,0.006119922282874583
2018-10-19,0.0055393155953725026
2018-10-22,0.004150609355372997
2018-10-23,0.00715590000657308
2018-10-24,0.006279779367247844
2018-10-25,-0.008123761165014233
2018-10-26,-0.0027667078222863135
2018-10-29,-0.007867034335756602
2018-10-30,-0.00958565637869172
2018-10-31,-0.0168101290862297
2018-11-01,-0.003583726034152901
2018-11-02,0.00015707907841619313
2018-11-05,0.006097640992810803
2018-11-06,0.005228129608981631
2018-11-16,0.005862888202597545
2018-11-19,0.00716224627788951
2018-11-20,0.0031654316356085704
2018-11-21,-0.002021773958932399
2018-11-22,0.0011471021551853699
2018-11-23,-0.000540448275108224
2018-11-26,-0.004920712635933411
2018-11-27,-0.007165205932179166
2018-11-28,0.0035235601736662977
2018-11-29,7.546786477326485e-05
2018-11-30,-0.0013057362553221998
2018-12-03,0.005900224796584723
2018-12-04,0.008561476630064532
2018-12-05,0.0018614816057322247
2018-12-06,0.003164639820836893
2018-12-07,0.00789204620297958
2018-12-10,0.0004185866455647291
2018-12-11,-0.0012131472167115757
2018-12-12,0.0013068829547006043
2018-12-13,-0.0002298975168472966
2018-12-14,0.0025859192056439805
2018-12-17,0.0009568401932826205
2018-12-27,-0.0038778951517857937
2018-12-28,-0.007207606004669516
2018-12-31,-0.009052651356125683
2019-01-02,-0.020169174846877986
2019-01-03,-0.010445157654047755
2019-01-04,-0.0073512737514168655
2019-01-07,-0.004302012062710544
2019-01-08,-0.0008420673831919179
2019-01-09,0.004839263762866935
2019-01-10,0.0029722234096241956
2019-01-11,0.006564085656965625
2019-01-14,0.008481368374490034
2019-01-15,0.0033211314571879105
2019-01-16,0.0011864042843389075
2019-01-17,0.0038740254063523777
2019-01-18,-0.00641658920376993
2019-01-21,-0.008342805089589933
2019-01-22,-0.0064987949080946945
2019-01-23,-0.006808432833776865
2019-01-24,-0.01276973353723749
2019-01-25,-0.00361776094754422
2019-01-28,-0.0004221027362812377
2019-02-07,0.0019418389246595028
2019-02-08,-0.0014529036496590889
2019-02-11,-0.005517786302587619
2019-02-12,-0.00756829888085521
2019-02-13,-0.009897914801474696
2019-02-14,-0.002837833054971679
2019-02-15,-0.00379111312345777
2019-02-18,-0.004348644996723229
2019-02-19,-0.002979955324906552
2019-02-20,-0.0023781942997465055
2019-02-21,-0.004010142073464554
2019-02-22,0.0037284526996168095
2019-02-25,0.005170385277108893
2019-02-26,0.00989277715784497
2019-02-27,0.010376018657103674
2019-02-28,0.011943112385586707
2019-03-01,0.0050913720436185144
2019-03-04,0.003510806282555041
2019-03-05,0.00017835688504474836
2019-03-06,-0.004898620626878335
2019-03-07,-0.007083495638896998
2019-03-08,-0.006432179961690763
2019-03-11,-0.004575687941397253
2019-03-12,-0.004322406384528898
2019-03-13,-0.003206206069779176
2019-03-14,-0.0025188434779262548
2019-03-15,-0.0015904609138279132
2019-03-18,-0.0037424912473708752
2019-03-28,0.0008035781790945067
2019-03-29,0.003178285604492133
2019-04-01,0.0010055398838789665
2019-04-02,-0.0018141451693203454
2019-04-03,-0.0005505018254400903
2019-04-04,0.000813514033142231
2019-04-05,-0.003915446961189917
2019-04-08,-0.0001278049725567624
2019-04-09,0.0007155027135130105
2019-04-10,0.0038609894655969035
2019-04-11,0.0037546918015217445
2019-04-12,0.006156967546401939
2019-04-15,0.005393766256851563
2019-04-16,0.008645711484151362
2019-04-17,0.0111262358193145
2019-04-18,0.007440327939186866
2019-04-19,0.005421011091799319
2019-04-22,0.004898600564127249
2019-04-23,-0.002555673529828268
2019-04-24,-0.007814827663764798
2019-04-25,-0.0025795529571870255
2019-04-26,-0.003040144130434848
2019-04-29,-0.001154196927725191
2019-05-09,0.005527114480619039
2019-05-10,0.008794732846146324
2019-05-13,0.005977746736304308
2019-05-14,0.00701379524060817
2019-05-15,0.005400706876209437
2019-05-16,0.0009062949829511376
2019-05-17,-0.0048132088790100456
2019-05-20,-0.0011836015359380306
2019-05-21,-0.002869200256436368
2019-05-22,-0.0002618738850216243
2019-05-23,0.0018674389753304925
2019-05-24,0.001178823801740912
2019-05-27,-0.005813330812610088
2019-05-28,-0.009661753093282715
2019-05-29,-0.010001855197353261
2019-05-30,-0.012868480872628702
2019-05-31,-0.013192385600279398
2019-06-03,-0.0033714377677924244
2019-06-04,-0.00037979682589252544
2019-06-05,0.00023184864698807178
2019-06-06,0.0027298302997396267
2019-06-07,0.013563909388646928
2019-06-10,0.010629423092607998
2019-06-11,0.009435889706087481
2019-06-12,0.003105783054735367
2019-06-13,-0.0055055979101929714
2019-06-14,-0.013625519740032881
2019-06-17,-0.017476487834463046
2019-06-27,0.0031097260121426456
2019-06-28,0.010407382617424918
2019-07-01,0.0038477271614126723
2019-07-02,0.00805561645088297
2019-07-03,0.00480054379531121
2019-07-04,0.004320715274756067
2019-07-05,-0.006216889445496058
2019-07-08,-0.006497714987820218
2019-07-09,-0.005186111861057168
2019-07-10,-0.0036171248437606067
2019-07-11,-0.004434748729459764
2019-07-12,-0.001297676470113798
2019-07-15,-0.000501658503323838
2019-07-16,-3.828314229150305e-05
2019-07-17,0.0030454991924420824
2019-07-18,0.010457477921548818
2019-07-19,0.011995432899292686
2019-07-22,0.01285210085309964
2019-07-23,0.009346429576717769
2019-07-24,0.010037647760367698
2019-07-25,0.008069068045173123
2019-07-26,0.0033976178340911433
2019-07-29,-0.001248613969452509
2019-08-08,0.0032715786510457106
2019-08-09,0.0034813277559719792
2019-08-12,0.005645484847693506
2019-08-13,0.0014104108764225172
2019-08-14,0.0012757764513550544
2019-08-15,0.0021646782549302095
2019-08-16,-0.0015636255896830907
2019-08-19,-0.0025736043854472537
2019-08-20,-0.00021551167787994008
2019-08-21,0.0008855157326074861
2019-08-22,0.004023078085483319
2019-08-23,0.011046737409479293
2019-08-26,0.009174054001138349
2019-08-27,0.006274670901244035
2019-08-28,-0.0011726732784116953
2019-08-29,-0.005124992258861635
2019-08-30,-0.010293088547237903
2019-09-02,-0.011029763414377555
2019-09-03,-0.007872765250315229
2019-09-04,-7.203594108313291e-05
2019-09-05,-0.0009291488800227902
2019-09-06,0.0009766476517444962
2019-09-09,0.004304616609601653
2019-09-10,0.0014873209498508853
2019-09-11,0.0007871872559114147
2019-09-12,0.0013992705532491854
2019-09-13,0.004965383239336841
2019-09-16,0.0022833306399989693
2019-09-26,-0.0009632324693683457
2019-09-27,-0.0017358647223023522
2019-09-30,-0.0024019603279552847
2019-10-01,-0.0003311470613449429
2019-10-02,0.00037401916647142097
2019-10-03,-0.0019412067931422283
2019-10-04,-0.004940284258304968
2019-10-07,-0.004006832417501517
2019-10-08,-0.006777678072958995
2019-10-09,-0.008620590848096186
2019-10-10,-0.010527094082054619
2019-10-11,-0.009068948140163206
2019-10-14,-0.01274344908147312
2019-10-15,-0.011811716585725666
2019-10-16,-0.008159080063942436
2019-10-17,-4.955796711596251e-05
2019-10-18,0.004618253617564376
2019-10-21,0.004960204099085318
2019-10-22,0.0033565007647313404
2019-10-23,0.004195488839098899
2019-10-24,-0.0042172339565923695
2019-10-25,-0.007105193743230576
2019-10-28,-0.0033208950543231514
2019-11-07,0.0007005558947139207
2019-11-08,-0.004047807790414733
2019-11-11,-0.003081028369557628
2019-11-12,-0.004019471813734422
2019-11-13,-0.00035674806297735894
2019-11-14,-0.00025458443158231397
2019-11-15,0.0031874476008363697
2019-11-18,0.005171009991129032
2019-11-19,0.003825151137967095
2019-11-20,0.003076920330540506
2019-11-21,0.002617087412981428
2019-11-22,0.000418394117042852
2019-11-25,-0.0052106602457355905
2019-11-26,-0.007544750527938464
2019-11-27,-0.009792536217224356
2019-11-28,-0.012124420607579789
2019-11-29,-0.010310730861570486
2019-12-02,-0.004986656827350348
2019-12-03,-0.0028578353522335973
2019-12-04,-0.003147902635402057
2019-12-05,-0.0006571694104553161
2019-12-06,-0.0046281712411380795
2019-12-09,-0.006126528403887993
2019-12-19,-0.001924472108179204
2019-12-20,-0.00850069791476745
2019-12-23,-0.010647238260115576
2019-12-24,-0.013830224409519127
2019-12-26,-0.007416815574957936
2019-12-27,-0.0013102172244743953
2019-12-30,0.0008486137834777411
2019-12-31,0.008220436944926404
2020-01-02,0.008319301382300952
2020-01-03,0.005221685504428988
2020-01-06,0.006574370812056502
2020-01-07,0.00269804844630491
2020-01-08,8.654198457492118e-05
2020-01-09,-0.002366805477911893
2020-01-10,0.0021284443019052913
2020-01-13,0.0021023068798193844
2020-01-14,0.0019367503036681717
2020-01-15,0.003523555621519278
2020-01-16,0.0033755258020372564
2020-01-17,0.001726198762847598
2020-01-20,0.004352612258475232
2020-01-21,0.006202070391785226
2020-01-22,0.00664265606859734
2020-01-23,0.005387721439173759
2020-01-24,0.002983561039119067
2020-01-27,0.003509672302339601
2020-02-06,0.000810575428963724
2020-02-07,-0.0016060069728184253
2020-02-10,-0.0018118623871341158
2020-02-11,0.0030627789165078747
2020-02-12,0.007200641939478877
2020-02-13,0.010795404761373816
2020-02-14,0.005301869012360354
2020-02-17,0.005398120938528465
2020-02-18,0.001491677664116268
2020-02-19,0.0018991624357955403
2020-02-20,-0.00491275307435001
2020-02-21,0.002927763838261648
2020-02-24,-0.00522364334806186
2020-02-25,-0.005973640488364548
2020-02-26,-0.00951003947753345
2020-02-27,-0.010125576180461981
2020-02-28,-0.0197626243349065
2020-03-02,-0.02115252067228685
2020-03-03,-0.002098600807713481
2020-03-04,-0.002216247216665871
2020-03-05,0.012935812201839073
2020-03-06,0.03774068978334704
2020-03-09,0.042429061153191075
2020-03-10,0.04348779822257542
2020-03-11,0.06670126022629429
2020-03-12,0.060248982652773196
2020-03-13,0.04216733704968756
2020-03-16,0.0472272823912863
2020-03-17,0.02662168993234181
2020-03-18,-0.007555966173166956
2020-03-19,-0.03225056751602804
2020-03-20,-0.04589929258170231
2020-03-23,-0.0401842358032245
2020-03-24,-0.031740249499407666
2020-03-25,-0.018270041365668194
2020-03-26,0.003332856057534677
2020-03-27,0.02012800331290707
2020-03-30,0.010301354095798134
2020-03-31,5.7112047411578174e-05
2020-04-01,-0.0049710675890328815
2020-04-02,-0.01682290071102255
2020-04-03,-0.020226274858461006
2020-04-06,-0.021208286821181695
2020-04-07,-0.017190832160176254
2020-04-08,-0.006384509111143099
2020-04-09,0.006730250384524411
2020-04-10,0.0008343496765096175
2020-04-13,0.005348460459719323
2020-04-14,0.017576586774200126
2020-04-15,0.009704237671616439
2020-04-16,-7.643174298520803e-05
2020-04-17,0.0044335726642354386
2020-04-20,-0.0018041165758565351
2020-04-21,-0.010769379065327435
2020-04-22,-0.014453218961622768
2020-04-23,-0.014512211225005954
2020-04-24,-0.008775519937677365
2020-04-27,-0.001620881877926084
2020-05-07,0.00951528835986114
2020-05-08,0.01426735251869109
2020-05-11,-0.0011916436243330389
2020-05-12,-0.003238670199679518
2020-05-13,-0.01119160899464651
2020-05-14,-0.010678122489926209
2020-05-15,-0.008510172517140192
2020-05-18,-0.001839223550291428
2020-05-19,-0.006127362189259476
2020-05-20,-0.0020061925149734206
2020-05-21,-0.009836948641261457
2020-05-22,-0.01129137353440556
2020-05-25,-0.021573983579848025
2020-05-26,-0.014138945652578852
2020-05-27,-0.02256180024462732
2020-05-28,-0.020474419756747818
2020-05-29,-0.021036121788783363
2020-06-01,-0.017598416434621417
2020-06-02,-0.01469880129716998
2020-06-03,-0.01273521464193098
2020-06-04,-0.00027381518506310834
2020-06-05,0.0062848043842721165
2020-06-08,0.005847201307440102
2020-06-18,-0.00020684767781479322
2020-06-19,-0.0012553497439375286
2020-06-22,0.008923686647957254
2020-06-23,0.007599418496346384
2020-06-24,-0.0024609382952499917
2020-06-25,-0.004436698764972452
2020-06-26,-0.006929140656119766
2020-06-29,-0.012774136154049667
2020-06-30,-0.00783706598023617
2020-07-01,-0.008504856126774644
2020-07-02,-0.005704362906086807
2020-07-03,-0.004630472084533801
2020-07-06,-0.0022685579281357866
2020-07-07,-0.0017261028673570594
2020-07-08,0.0004378252340231425
2020-07-09,0.0005774095837888816
2020-07-10,-0.00201388782501176
2020-07-13,-0.0039041552295702156
2020-07-14,-0.013041706330807631
2020-07-15,-0.011454054976013059
2020-07-16,-0.015446256693207228
2020-07-17,-0.014124262885877556
2020-07-20,-0.019000166712658743
2020-07-21,-0.010789549213787827
2020-07-22,-0.012893432316898363
2020-07-23,-0.013333591069935985
2020-07-24,-0.007771626544759212
2020-07-27,0.0014225061803917127
2020-08-06,0.006093881423810811
2020-08-07,-0.0013103205973890055
2020-08-10,-0.004834578013272891
2020-08-11,-0.01091839084009258
2020-08-12,-0.006341097950133584
2020-08-13,-0.004683159622796598
2020-08-14,0.0007097510222140934
2020-08-17,0.003071794159598553
2020-08-18,0.007539199865411586
2020-08-19,-0.0034207533428231665
2020-08-20,-0.002812742842745217
2020-08-21,-0.014040651119143365
2020-08-24,-0.01803075797847136
2020-08-25,-0.013191086949484277
2020-08-26,-0.0060238704420601885
2020-08-27,-0.0027286293914995205
2020-08-28,0.004815332910484638
2020-08-31,0.010389778740532433
2020-09-01,0.013259124076713162
2020-09-02,0.007534260690676267
2020-09-03,0.006176699256563821
2020-09-04,0.008731098660279116
2020-09-07,0.0011594831018586509
2020-09-08,-0.004984314967381524
2020-09-09,-0.004507783656117216
2020-09-10,-0.006593314156034094
2020-09-11,-0.006968039599171159
2020-09-14,0.0058256107096667665
2020-09-24,-0.008007595729263087
2020-09-25,-0.009988128047988421
2020-09-28,-0.00859768027546232
2020-09-29,-0.003962712145340182
2020-09-30,0.00032320237788429533
2020-10-01,0.00044637506639135367
2020-10-02,-0.007511197163439153
2020-10-05,-0.005889770167980862
2020-10-06,-0.0009705318722343239
2020-10-07,-0.006878823733757043
2020-10-08,0.0017792965965596457
2020-10-09,0.008352371142984037
2020-10-12,0.00541174965707024
2020-10-13,-4.4636663343858816e-05
2020-10-14,-0.00510377789945711
2020-10-15,-0.008853710959647853
2020-10-16,-0.00791102608362822
2020-10-19,-0.003793555966644754
2020-10-20,-0.006336190212289515
2020-10-21,0.007801295478587955
2020-10-22,0.011037193671193383
2020-10-23,0.011760652832077001
2020-10-26,0.009460249761181335
2020-10-27,0.00394353109110382
2020-10-28,-0.004296587106927146
2020-10-29,-0.017783548784771425
2020-10-30,-0.021803888693777085
2020-11-02,-0.01623600947536866
2020-11-03,-0.01020535548516841
2020-11-13,-0.006065891936711503
2020-11-16,-0.001153391763216112
2020-11-17,-0.0037909519981730666
2020-11-18,-0.00440140007998098
2020-11-19,-0.0055002971938016626
2020-11-20,-0.0064071622728576515
2020-11-23,-0.007853033440824744
2020-11-24,-0.007956172555459598
2020-11-25,-0.006158654547249184
2020-11-26,-0.011184186044379273
2020-11-27,-0.009418706887023107
2020-11-30,-0.00926555647826057
2020-12-01,-0.004016600327731478
2020-12-02,-0.0014038385186394156
2020-12-03,-0.0011754086036530414
2020-12-04,-0.0007127702521405906
2020-12-07,-0.0031880951571830385
2020-12-08,-0.007114485618222481
2020-12-09,-0.006926927160938323
2020-12-10,-0.01047025018045479
2020-12-11,-0.008253005028085032
2020-12-14,-0.0029400952890600712
2020-12-24,-0.007656603688402978
2020-12-28,-0.008425577227471429
2020-12-29,-0.010751768709860776
2020-12-30,-0.005845830076562599
2020-12-31,-0.0018435608945980733
2021-01-04,0.0030818369445511874
2021-01-05,0.006718132594889272
2021-01-06,0.006245670140191095
2021-01-07,0.0004363864910276969
2021-01-08,0.003871967654138833
2021-01-11,0.002246899795475436
2021-01-12,0.005191534633589017
2021-01-13,0.0007351382711562276
2021-01-14,0.0001385515014521857
2021-01-15,-0.0031589165785208023
2021-01-18,-0.004479141164504242
2021-01-19,-0.006428542993641825
2021-01-20,0.00048335648613974255
2021-01-21,0.004433087607285027
2021-01-22,0.0042094699211328735
2021-01-25,0.006574320276281581
2021-02-04,-0.012458970328690066
2021-02-05,-0.007179124076978225
2021-02-08,-0.006936470609760936
2021-02-09,0.00033330909812003846
2021-02-10,0.004146653200221764
2021-02-11,0.0013991348538043159
2021-02-12,-0.004194271976999682
2021-02-15,-0.00667975993371829
2021-02-16,-0.007557797793098544
2021-02-17,-0.012438882466194526
2021-02-18,-0.006490200640471011
2021-02-19,0.008667904883588139
2021-02-22,0.01374449338279036
2021-02-23,0.008232550319196362
2021-02-24,0.012243642258023725
2021-02-25,0.01939458575912843
2021-02-26,0.010511891537230022
2021-03-01,0.01390704162595002
2021-03-02,0.012385481946056525
2021-03-03,0.00823471919629616
2021-03-04,-0.004115455130757246
2021-03-05,-0.004703153419965476
2021-03-08,-0.0070519204329713365
2021-03-09,-0.0032531605759727076
2021-03-10,-0.002014407320434439
2021-03-11,0.0018896957673749698
2021-03-12,0.0010676501249209827
2021-03-15,-0.0001855902530324556
2021-03-25,-0.0013995841846584066
2021-03-26,0.0009278065028311203
2021-03-29,-0.004423259896888145
2021-03-30,-0.00796906421064979
2021-03-31,-0.00550969128349832
2021-04-01,-0.0063745319215340575
2021-04-02,-0.0059744649167351935
2021-04-05,-0.0011628056196212736
2021-04-06,-0.002635091061327254
2021-04-07,-0.009541659011926757
2021-04-08,-0.006603504188649736
2021-04-09,-0.00809654190992626
2021-04-12,-0.012801961673314982
2021-04-13,-0.008127753675673375
2021-04-14,-0.0065108294816778834
2021-04-15,-0.0013642007606336135
2021-04-16,-0.005221171511519615
2021-04-19,-0.0032532181366706154
2021-04-20,-0.0042717817848584765
2021-04-21,-0.0017734423572794845
2021-04-22,-0.008172627327259164
2021-04-23,0.0024152694686479614
2021-04-26,0.0012396013458266387
2021-05-06,0.0010399186468613409
2021-05-07,0.0020015223391516316
2021-05-10,0.0030867552960152328
2021-05-11,-0.0014003358130328845
2021-05-12,-0.005779154257142752
2021-05-13,-0.007434491952662621
2021-05-14,0.00011950309009762935
2021-05-17,-0.0019348994257567147
2021-05-18,0.001073190808067724
2021-05-19,-0.0025431299713934334
2021-05-20,-0.0001491880961701646
2021-05-21,-0.00046163752533625376
2021-05-24,-5.4579095262754255e-05
2021-05-25,0.000824505305087363
2021-05-26,-0.0003700210262466608
2021-05-27,0.00954436535065048
2021-05-28,0.000562984338060321
2021-05-31,0.00021684125711883786
2021-06-01,0.0030604574399306695
2021-06-02,0.002843838859628341
2021-06-03,-0.0075602456160470035
2021-06-04,0.005070179944713054
2021-06-07,0.0069786186144814594
2021-06-08,0.006073943406981842
2021-06-09,0.007924056997606812
2021-06-10,0.020260630764946795
2021-06-11,0.01985837382388298
2021-06-14,0.0160101055797977
2021-06-24,0.010453948764442984
2021-06-25,0.0036581890852874443
2021-06-28,0.0029916501126807994
2021-06-29,0.003071281848558666
2021-06-30,0.000599245452764649
2021-07-01,-0.00221831893698163
2021-07-02,0.0010501174636976592
2021-07-05,0.0017390212648999911
2021-07-06,0.002622987001404976
2021-07-07,-0.0021745291085620497
2021-07-08,0.0008558305022810522
2021-07-09,0.005382302510714652
2021-07-12,0.009330494979273593
2021-07-13,0.007253870154193328
2021-07-14,0.007507269173868762
2021-07-15,0.0018995118223235484
2021-07-16,0.0022338642925658877
2021-07-19,-0.0055026196880146264
2021-07-20,-0.00749040263082232
2021-07-21,0.0006335354324204948
2021-07-22,-0.008998259579007104
2021-07-23,-0.0058621734584699044
2021-07-26,-0.004173287353249186
2021-08-05,0.008695792663670415
2021-08-06,-0.0026792916612596927
2021-08-09,-0.0031253763671350806
2021-08-10,0.0032639448749737484
2021-08-11,0.008404877515198597
2021-08-12,0.011046555154317576
2021-08-13,0.017145514713454352
2021-08-16,0.007993656790888194
2021-08-17,-0.001352239936576128
2021-08-18,-0.001731081166266116
2021-08-19,-0.007581750512163042
2021-08-20,-0.013551872673330767
2021-08-23,-0.004301388680918889
2021-08-24,-0.0031875182325101534
2021-08-25,-0.004460954819950878
2021-08-26,-0.01152224292587914
2021-08-27,-0.009667063641732273
2021-08-30,-0.008161168330718055
2021-08-31,-0.002227562052688201
2021-09-01,0.0013370348850635133
2021-09-02,0.0015092387104929056
2021-09-03,0.006846474572077268
2021-09-06,0.005801104449777372
2021-09-07,0.0005004429786797794
2021-09-08,-0.0006416199102928513
2021-09-09,0.005825350058302778
2021-09-10,0.008916980652753728
2021-09-13,0.008087455736427865
2021-09-14,0.007832649325200348
2021-09-15,0.007179125327937364
2021-09-16,-0.0002877092758396262
2021-09-17,0.0006708013279006561
2021-09-20,-0.001996013161668233
2021-09-30,-0.006086021552682951
2021-10-01,-0.0014253007794148213
2021-10-04,0.002395038234942814
2021-10-05,0.0029275017488525346
2021-10-06,-0.003926712822501699
2021-10-07,-0.005500176973443345
2021-10-08,-0.005015446536250669
2021-10-11,-0.007077343323013391
2021-10-12,-0.012292715489233025
2021-10-13,-0.01215311375798127
2021-10-14,-0.005095730642330444
2021-10-15,-0.004856943440063574
2021-10-18,-0.004501628018621401
2021-10-19,0.000482672965304783
2021-10-20,0.001153868387957144
2021-10-21,-0.005440399752947302
2021-10-22,0.001191182255970404
2021-10-25,-0.0003004113925189144
2021-10-26,0.0034997298021771472
2021-10-27,0.0028024880200671148
2021-10-28,0.011141274226571506
2021-10-29,0.004437131495197323
2021-11-01,0.00418189194633605
2021-11-11,0.0010516782268221191
2021-11-12,0.006821415878855456
2021-11-15,0.011193787416569578
2021-11-16,0.0069780692871188755
2021-11-17,0.01035321192278969
2021-11-18,0.012618714228650598
2021-11-19,0.006528665738789643
2021-11-22,0.004022474616177579
2021-11-23,0.001925430796745987
2021-11-24,-0.003189350155756652
2021-11-25,-0.001304202287714428
2021-11-26,0.0037777473659328883
2021-11-29,0.002663372288811405
2021-11-30,0.0022653133831059048
2021-12-01,-0.0015655526553462612
2021-12-02,0.0001858029968710649
2021-12-03,-0.0038798689023560777
2021-12-06,-0.001606319625083147
2021-12-07,0.00318761109206166
2021-12-08,0.010605678664384754
2021-12-09,-0.001853797992175937
2021-12-10,0.0050859804554270705
2021-12-13,0.003282616890888282
2021-12-23,-0.0005479762980442402
2021-12-24,-0.0062102827419753545
2021-12-27,0.001334522207861455
2021-12-28,-0.0006989907804098636
2021-12-29,-0.0007911852127765468
2021-12-30,0.00493936285643548
2021-12-31,0.004723973675472605
2022-01-03,0.0006728982624142845
2022-01-04,-0.0021704294887722655
2022-01-05,-0.009110870958827686
2022-01-06,-0.01519350772443859
2022-01-07,-0.005456390419583805
2022-01-10,-0.00804787312337156
2022-01-11,-0.0007709536567113674
2022-01-12,0.004333276588292751
2022-01-13,0.006399276305935465
2022-01-14,0.0030228783760926393
2022-01-17,0.007183831107799747
2022-01-18,0.003979465480277663
2022-01-19,0.007065396092193574
2022-01-20,0.019186046434503733
2022-01-21,0.019581117950520487
2022-01-24,0.00889328205134719
2022-02-03,-0.0001725278932029246
2022-02-04,-0.0018169126262728447
2022-02-07,0.0036489765308700107
2022-02-08,0.0017202130468309239
2022-02-09,0.00018370247441211243
2022-02-10,-0.0017513883528811748
2022-02-11,-0.0022242282687291387
2022-02-14,-0.007157104844812203
2022-02-15,-0.0044508524829792355
2022-02-16,-0.0015516200355101136
2022-02-17,0.009318479489873896
2022-02-18,0.0034875599347876604
2022-02-21,0.00044080009214438103
2022-02-22,0.002963994378851843
2022-02-23,0.0026617487895498407
2022-02-24,-0.007057344855130291
2022-02-25,-0.0019680575850699353
2022-02-28,0.006870038443866277
2022-03-01,0.007985960356921147
2022-03-02,0.005227378208475121
2022-03-03,0.004760157135226386
2022-03-04,0.010616979918744477
2022-03-07,0.008358402523471942
2022-03-08,0.007281316242954738
2022-03-09,0.009573908322910597
2022-03-10,-0.001417435026562422
2022-03-11,-0.006579534434215495
2022-03-14,-0.010911436612549282
2022-03-24,-0.00337656831413327
2022-03-25,0.002468037381985637
2022-03-28,-0.0050514085606414415
2022-03-29,-0.00027484486186092616
2022-03-30,0.00901990474415298
2022-03-31,0.009850594366412214
2022-04-01,0.00959630590393344
2022-04-04,0.01271700568163396
2022-04-05,0.010023526908498403
2022-04-06,0.005545829224196198
2022-04-07,0.007846889793504704
2022-04-08,0.007129951231254842
2022-04-11,0.008367804185444992
2022-04-12,0.01141143827995538
2022-04-13,0.004265682427267116
2022-04-14,0.006116002532957956
2022-04-15,0.014721784466865775
2022-04-18,0.015047380738706198
2022-04-19,0.016271630091771537
2022-04-20,0.027661854629780654
2022-04-21,0.029792069862599774
2022-04-22,0.01595117947253455
2022-04-25,0.01997015255988158
2022-04-26,0.012688885700493526
2022-04-27,0.004477848633966672
2022-04-28,0.006660046804187516
2022-04-29,0.009871422992758686
2022-05-02,0.007667475145003186
2022-05-12,-0.024209040162463485
2022-05-13,-0.016802119115131155
2022-05-16,-0.02052360532087293
2022-05-17,-0.015764956445456037
2022-05-18,-0.014214845793166507
2022-05-19,-0.006820491119268012
2022-05-20,-0.015453513326561561
2022-05-23,-0.009257407688903466
2022-05-24,-0.005303392369909608
2022-05-25,-0.00044362050011061957
2022-05-26,-0.005075422768903339
2022-05-27,0.004212820464440848
2022-05-30,0.00944786147383408
2022-05-31,0.007015035886907502
2022-06-01,0.0050574284377539564
2022-06-02,0.017446627884019364
2022-06-03,0.021329625648009633
2022-06-06,0.026000202609593234
2022-06-07,0.03601845707990551
2022-06-08,0.0259981046880145
2022-06-09,0.0018134316353597844
2022-06-10,0.005879388000495171
2022-06-13,-0.00512145111298066
2022-06-23,-0.0013142384972710732
2022-06-24,0.010140342715170881
2022-06-27,0.008750704364357277
2022-06-28,0.01584242154068475
2022-06-29,0.01298027683533294
2022-06-30,0.014145484600810217
2022-07-01,0.00903672849758699
2022-07-04,0.01682074699347113
2022-07-05,0.006450838098332008
2022-07-06,0.0036739314226254334
2022-07-07,0.014812586779093863
2022-07-08,0.008531683908221491
2022-07-11,-0.003974252779811252
2022-07-12,-0.009985657786094341
2022-07-13,-0.006081785800920788
2022-07-14,-0.014468908526415636
2022-07-15,-0.015648452980067402
2022-07-18,-0.012167712587037865
2022-07-19,-0.002881298391891429
2022-07-20,-0.0032460680770034244
2022-07-21,-0.009830293026070677
2022-07-22,-0.010193440580437833
2022-07-25,-0.012771790121388155
2022-08-04,-0.009719385166803216
2022-08-05,-0.01732890526859847
2022-08-08,-0.004402021569836997
2022-08-09,-0.004979870146201689
2022-08-10,0.01573078978701585
2022-08-11,0.02183323659559728
2022-08-12,0.02673536992725453
2022-08-15,0.023488101993194038
2022-08-16,0.017939308380625265
2022-08-17,0.015539282515308122
2022-08-18,0.0038991215336758936
2022-08-19,0.004014469823827559
2022-08-22,-4.051269724665586e-05
2022-08-23,0.009274067261808433
2022-08-24,0.007763027900307427
2022-08-25,0.01987271427004988
2022-08-26,0.011878501188816693
2022-08-29,0.011840655436856187
2022-08-30,0.01508168497155185
2022-08-31,0.011707520842370953
2022-09-01,0.0031253572286290454
2022-09-02,-0.003491273915971755
2022-09-05,-0.012385535983344288
2022-09-06,-0.003153372242930012
2022-09-07,-0.0014933125361159766
2022-09-08,0.002507573303722524
2022-09-09,0.01334208583832114
2022-09-12,0.018326144403915532
2022-09-13,0.00888609232504456
2022-09-14,0.017136904152158818
2022-09-15,0.013721667294215036
2022-09-16,0.02707457737919473
2022-09-19,0.040223194329468206
2022-09-29,0.0021221922428087043
2022-09-30,0.004118886032584615
2022-10-03,0.016077553134382985
2022-10-04,0.018882545915959188
2022-10-05,0.020595449850971188
2022-10-06,0.0038318568450812994
2022-10-07,0.010875285617895537
2022-10-10,-0.005513590903140304
2022-10-11,-0.0015573046781976463
2022-10-12,0.0017387978269333465
2022-10-13,0.004002456620032821
2022-10-14,-0.014199676156933067
2022-10-17,-0.00023529480688630464
2022-10-18,-0.010405486145725134
2022-10-19,-0.026501007486714034
2022-10-20,-0.02454506531485837
2022-10-21,-0.009891096619876763
2022-10-24,-0.009518512894863567
2022-10-25,6.876224493979153e-05
2022-10-26,0.004620204563553014
2022-10-27,0.020012262977951716
2022-10-28,-0.0016813446246438488
2022-10-31,-0.013383366842428579
2022-11-10,-0.014399675001176903
2022-11-11,0.005907513492874447
2022-11-14,0.010302085607062155
2022-11-15,0.00566500095838658
2022-11-16,-0.0017559590791466682
2022-11-17,-0.011812861145985636
2022-11-18,-0.00996047185273456
2022-11-21,-0.010949429256362652
2022-11-22,-0.00454538620144014
2022-11-23,0.00016490557574950392
2022-11-24,-0.008806665537388838
2022-11-25,-0.012718404251318326
2022-11-28,-0.011281326892830377
2022-11-29,-0.009335080300435358
2022-11-30,-0.0055036401905964915
2022-12-01,0.0022742776793411535
2022-12-02,0.0013290549378901148
2022-12-05,-0.0028114244477423595
2022-12-06,-0.0161066682767328
2022-12-07,-0.012803080945283998
2022-12-08,0.002484046798622147
2022-12-09,0.003689776343536126
2022-12-12,-0.00164399161413187
2022-12-22,-0.009211379176796408
2022-12-23,-0.009593449635670052
2022-12-27,0.0018796650675151356
2022-12-28,-0.004033429100355808
2022-12-29,0.008507887252153016
2022-12-30,7.821139180831537e-05
2023-01-02,-0.008325878685975943
2023-01-03,-0.013403211123555742
2023-01-04,-0.00696433326991797
2023-01-05,-0.02452014493149668
2023-01-06,-0.011856223311210834
2023-01-09,-0.002828106050761815
2023-01-10,-0.00969255039034674
2023-01-11,-0.010887078492796244
2023-01-12,-0.0023088151424437114
2023-01-13,-0.002632666156102617
2023-01-16,-0.004990407576185553
2023-01-17,-0.0024997642073977
2023-01-18,-0.006076326506517295
2023-01-19,-0.005038298644172458
2023-01-20,-0.0036446336858921113
2023-01-23,-0.0005083402896896902
2023-01-24,-0.001301650492725594
2023-01-25,0.002482177836600761
2023-01-26,-0.0017614954255802753
2023-01-27,0.014412567429886124
2023-01-30,0.01559812381478773
2023-02-09,0.006162911791112691
2023-02-10,0.00706032202430128
2023-02-13,0.008721348865751622
2023-02-14,0.012089780323017649
2023-02-15,0.006342791449054782
2023-02-16,0.009207143645970636
2023-02-17,0.014786558407293102
2023-02-20,0.011599911939887178
2023-02-21,0.007361132903221571
2023-02-22,0.004267606510551769
2023-02-23,0.007485513032980492
2023-02-24,-0.004508808959534182
2023-02-27,-0.00033772441243910405
2023-02-28,0.010636088473172161
2023-03-01,0.01325757928519507
2023-03-02,0.005941720044836421
2023-03-03,0.00433078380237857
2023-03-06,-0.008380996202306206
2023-03-07,-0.0192409890560419
2023-03-08,-0.011120881083499217
2023-03-09,-0.008357818855302544
2023-03-10,-0.011664251519370656
2023-03-13,-0.0011592897890675715
2023-03-14,0.0016926655367272745
2023-03-15,-0.011009579666744899
2023-03-16,-0.015188274137326752
2023-03-17,-0.0009636760352905027
2023-03-20,0.0006303730993405757
2023-03-30,-0.003810876097302393
2023-03-31,-0.0037932793562016247
2023-04-03,0.007513420806945749
2023-04-04,0.007342709685469478
2023-04-05,0.0016661677765373254
2023-04-06,-0.00937189390433689
2023-04-07,-0.0017977816380736443
2023-04-10,-0.0031207069952311254
2023-04-11,-0.004150862929902202
2023-04-12,0.0027699591774614026
2023-04-13,0.009455850239503764
2023-04-14,0.0034919884133385987
2023-04-17,-0.003015135411800389
2023-04-18,0.005825868463320834
2023-04-19,0.0030505825857061095
2023-04-20,0.0032903013320182044
2023-04-21,0.0010224891189871922
2023-04-24,0.006438020411381645
2023-04-25,-0.00014105349868071693
2023-04-26,-0.007193975604025377
2023-04-27,-0.008004374415723855
2023-04-28,-0.009426626381931669
2023-05-01,-0.014965861403531235
2023-05-11,0.013202229912316182
2023-05-12,-0.0007033210596990145
2023-05-15,0.004942041794478863
2023-05-16,0.00584166164137754
2023-05-17,0.012954677148457846
2023-05-18,0.009627238881585107
2023-05-19,0.015838745683955307
2023-05-22,0.014034331566834281
2023-05-23,0.011652358048062444
2023-05-24,0.005427385723277898
2023-05-25,-0.007712082836879829
2023-05-26,-0.00488623188711515
2023-05-29,-0.0052722436129518145
2023-05-30,-0.005903455111457114
2023-05-31,-0.0058896998734916444
2023-06-01,-0.005425052007859947
2023-06-02,-0.008813676860445761
2023-06-05,-0.005072848271069953
2023-06-06,-0.008130723351948832
2023-06-07,-0.012619205498788607
2023-06-08,-0.012913843516216222
2023-06-09,-0.011407816427847632
2023-06-12,-0.010861830165830312
2023-06-22,0.01154375992774371
2023-06-23,0.0007192856754361995
2023-06-26,0.0037795618987897773
2023-06-27,0.001973616355960067
2023-06-28,-0.002443318851164538
2023-06-29,-0.003618600159747898
2023-06-30,-0.007506975289213391
2023-07-03,-0.00929587626686694
2023-07-04,-0.009532839419559862
2023-07-05,-0.024821317242101387
2023-07-06,-0.034018365991340144
2023-07-07,-0.021567685207461083
2023-07-10,-0.019422259432536716
2023-07-11,-0.014958886748171491
2023-07-12,0.0009016968971415022
2023-07-13,0.014163233886028106
2023-07-14,0.01467608668964472
2023-07-17,0.013242904280441975
2023-07-18,0.009697135390812722
2023-07-19,0.00475006811942246
2023-07-20,0.0030205539941498727
2023-07-21,0.0033287071479681943
2023-07-24,0.0014729779480872462
2023-08-03,0.0051081739886751475
2023-08-04,0.01147456240024823
2023-08-07,0.011843316138186769
2023-08-08,0.007678344143434287
2023-08-09,0.009979453915509997
2023-08-10,0.010203670668477965
2023-08-11,0.005226117313397461
2023-08-14,0.0043900109581678825
2023-08-15,0.0036244957618227235
2023-08-16,-0.001728148218004572
2023-08-17,0.0020041637078875157
2023-08-18,0.0055197907968835645
2023-08-21,0.004955809204414391
2023-08-22,-0.00033199364177942874
2023-08-23,0.0007911958537608562
2023-08-24,-0.004139715329572379
2023-08-25,-0.00035689098963953553
2023-08-28,-0.0019713100862016842
2023-08-29,0.010049549684163727
2023-08-30,0.013723998310607752
2023-08-31,0.014012815882428115
2023-09-01,0.007958659155786758
2023-09-04,0.003991497981283835
2023-09-05,-0.001080145449152659
2023-09-06,-0.003996635084259441
2023-09-07,-0.001178984423369027
2023-09-08,-0.001369646727049508
2023-09-11,0.0035019163319823265
2023-09-12,0.000827768229130424
2023-09-13,-0.0004219142355454029
2023-09-14,0.0009948182809296207
2023-09-15,0.0014328668985163558
2023-09-18,0.004897952182854613
2023-09-28,0.0027207053324412455
2023-09-29,-0.0004337996866405181
2023-10-02,-0.008597497343169407
2023-10-03,-0.0138200532407948
2023-10-04,-0.010794947156106788
2023-10-05,0.002688951491530598
2023-10-06,0.006368828306910607
2023-10-09,0.004663423956157327
2023-10-10,0.007555940039898816
2023-10-11,0.007027560549848824
2023-10-12,-0.0015849009022831392
2023-10-13,-0.0013234420031456526
2023-10-16,-0.0005748710800791095
2023-10-17,0.0011634612161105626
2023-10-18,0.003198900985414727
2023-10-19,0.004857543797981691
2023-10-20,0.003215865767103061
2023-10-23,0.00448919866959882
2023-10-24,0.007014068549036673
2023-10-25,0.0022928356200915753
2023-10-26,-0.005323949174451802
2023-10-27,-0.016552267518186368
2023-10-30,-0.011412606311213097
2023-11-09,-0.01249086372499357
2023-11-10,-0.01647273021178502
2023-11-13,-0.019899536931603592
2023-11-14,-0.005670140537370537
2023-11-15,-0.004021732600313867
2023-11-16,-0.007579563166700719
2023-11-17,-0.008296048040615027
2023-11-20,-0.0048991153923504125
2023-11-21,-0.009264376904136276
2023-11-22,-0.014471066903407256
2023-11-23,-0.008139715399995275
2023-11-24,-0.0108508650684484
2023-11-27,-0.0023928602383850917
2023-11-28,0.00527418194642268
2023-11-29,0.005577241627746032
2023-11-30,-0.0037939094171407237
2023-12-01,0.008502282348148676
2023-12-04,0.003062061223571852
2023-12-05,-0.0011294245496550118
2023-12-06,-0.005765528738225901
2023-12-07,-0.011678402123078793
2023-12-08,-0.013499922558089354
2023-12-11,-0.014205491221844798
2023-12-21,-0.007379727100779695
2023-12-22,-0.007669534192968498
2023-12-26,0.00517136326581859
2023-12-27,0.014080583498745941
2023-12-28,0.01294853223801268
2023-12-29,0.01038668700751145
2024-01-02,0.005730678410314055
2024-01-03,0.0029024110205870374
2024-01-04,0.0015842602335594369
2024-01-05,0.002170350365367782
2024-01-08,0.006668063881722623
2024-01-09,0.011077734500211387
2024-01-10,0.014951349792588085
2024-01-11,0.014168010010577872
2024-01-12,0.013914448823457425
2024-01-15,0.010020381430831182
2024-01-16,0.004326696034067967
2024-01-17,-0.003388635470404788
2024-01-18,0.00029289761409039206
2024-01-19,0.00023698438467623347
2024-01-22,-0.0014700511257590791
2024-01-23,-0.004734803234965208
2024-01-24,-0.001409566684879152
2024-01-25,-0.005945645376668964
2024-01-26,0.004663141438779354
2024-01-29,0.009404045561020492
2024-02-08,0.0010525477212705084
2024-02-09,0.0019703806475335206
2024-02-12,0.0024205742731387377
2024-02-13,-0.00935398060022506
2024-02-14,-0.0059348745765113245
2024-02-15,-0.002962701272675822
2024-02-16,-0.0026060446470992167
2024-02-19,-0.001687349362444863
2024-02-20,-0.0009434041031115304
2024-02-21,0.0034605020486668586
2024-02-22,0.005022853860811019
2024-02-23,0.003292290652267767
2024-02-26,0.003204241939361497
2024-02-27,0.003297964359450772
2024-02-28,-0.006028920876904647
2024-02-29,-0.012104604051025161
2024-03-01,-0.011137246852754145
2024-03-04,-0.011490836188750348
2024-03-05,-0.008805253372039626
2024-03-06,-0.006752228534465331
2024-03-07,0.004972943359819235
2024-03-08,0.00916506066705331
2024-03-11,0.008738083015577738
2024-03-12,0.010478827732990416
2024-03-13,0.012911987186697326
2024-03-14,0.00933257748899811
2024-03-15,0.01095434697898642
2024-03-18,0.008237223302940388
2024-03-28,-0.0045736497368667585
2024-03-29,-0.0022246334268630065
2024-04-01,-0.007601290205524224
2024-04-02,-0.0069874613420279905
2024-04-03,0.00791165942787999
2024-04-04,0.008940886873489718
2024-04-05,0.014049918105703258
2024-04-08,0.017673833751322848
2024-04-09,0.021612217785214903
2024-04-10,0.006696900833419713
2024-04-11,0.010454579741659193
2024-04-12,0.003424775310514525
2024-04-15,-0.00040280156987454403
2024-04-16,-0.006536873281789852
2024-04-17,-0.0012719068553255278
2024-04-18,-0.005569401899104919
2024-04-19,-0.0033908779086750324
2024-04-22,-0.006275817374193084
2024-04-23,0.005182730819620817
2024-04-24,0.0027375684377217023
2024-04-25,-0.003611325666583311
2024-04-26,-0.010302216201283283
2024-04-29,-0.005513794937698226
2024-05-09,-0.007781065051056772
2024-05-10,-0.008679122002065104
2024-05-13,-0.006770917641295818
2024-05-14,-0.0036940690896368417
2024-05-15,0.005612629438479655
2024-05-16,0.006852620938655623
2024-05-17,0.003914223413850079
2024-05-20,0.00013492623236603798
2024-05-21,-0.0005728516482224439
2024-05-22,-7.030926509192905e-05
2024-05-23,-0.005012848197823485
2024-05-24,-0.002230690752061935
2024-05-27,-0.004683443862974007
2024-05-28,-0.007241687792684426
2024-05-29,-0.008465423266166923
2024-05-30,-0.006707275333274505
2024-05-31,0.002318508356009678
2024-06-03,0.00721318013263029
2024-06-04,0.008798871492021241
2024-06-05,-0.0009308747272804122
2024-06-06,0.006080709255532232
2024-06-07,0.00011716804887950399
2024-06-10,-0.0003109835792523497
2024-06-20,0.00501459236802524
2024-06-21,0.00134432553389264
2024-06-24,0.006121830475967237
2024-06-25,0.0042340782082484225
2024-06-26,-0.004027283448356684
2024-06-27,-0.005599385912788929
2024-06-28,-0.006361917150203212
2024-07-01,-0.009967364694512731
2024-07-02,-0.006471427213256442
2024-07-03,-0.0025266873111570894
2024-07-04,-0.004948351259622054
2024-07-05,-0.006011314092730425
2024-07-08,-0.0039117856750170805
2024-07-09,-0.003623034245985803
2024-07-10,-0.009275615826542629
2024-07-11,-0.001787258100760222
2024-07-12,0.005176713973377199
2024-07-15,0.004589798504324365
2024-07-16,0.0038007795323706586
2024-07-17,0.007786653698572091
2024-07-18,0.005638241570717076
2024-07-19,0.0030447841646453707
2024-07-22,0.0037211369598880184
2024-07-23,0.0014712898911012145
2024-07-24,-0.0003356019221511926
2024-07-25,-0.0029846322583030665
2024-07-26,-0.010428253438327092
2024-07-29,-0.01618577814253424
2024-08-08,0.000621672952090222
2024-08-09,-0.005481448437829785
2024-08-12,-0.011617000739573904
2024-08-13,-0.010724813762933787
2024-08-14,-0.0184842648132901
2024-08-15,-0.016428771880695137
2024-08-16,-0.02062616501459803
2024-08-19,-0.012873671031256723
2024-08-20,-0.011764739498082587
2024-08-21,-0.0031626484805002343
2024-08-22,-0.00967754414513472
2024-08-23,0.0056353367845088575
2024-08-26,0.004077267735952191
2024-08-27,0.011947588176624082
2024-08-28,0.004066510337387452
2024-08-29,0.0006085536963117055
2024-08-30,-0.0010060278129641641
2024-09-02,0.0018921279547388428
2024-09-03,-0.0011057098719396273
2024-09-04,0.003566165281366475
2024-09-05,0.004629208178068007
2024-09-06,-0.00022488768788083278
2024-09-09,-0.007395688149957022
2024-09-10,-0.0051193492527591465
2024-09-11,-0.01359503333127811
2024-09-12,-0.007380016825932805
2024-09-13,-0.0035751757643930396
2024-09-16,-0.0034749802123966284
2024-09-26,0.012211807419556076
2024-09-27,0.021762738290083333
2024-09-30,0.018995382510118595
2024-10-01,0.01823616135011789
2024-10-02,0.018228905980050253
2024-10-03,0.012760384313630685
2024-10-04,0.00451328098007292
2024-10-07,0.0076053294276506355
2024-10-08,0.0068212832502494705
2024-10-09,0.0050051216189490435
2024-10-10,0.006308085464008749
2024-10-11,0.00614823568199224
2024-10-14,0.006047481314113501
2024-10-15,0.005264749448411454
2024-10-16,0.00848688983563286
2024-10-17,0.004880101636140277
2024-10-18,0.00930149587970642
2024-10-21,0.006260699801966993
2024-10-22,0.00838258943647135
2024-10-23,0.0005811035493482468
2024-10-24,0.0043297312781762675
2024-10-25,0.003215968207813407
2024-10-28,-0.002437108675992113
2024-10-29,-0.007736924940898638
2024-10-30,0.005805198889611174
2024-10-31,-0.0007006304197548219
2024-11-01,0.002652268363416679
2024-11-04,0.00929828625405142
2024-11-05,0.018633582836776897
2024-11-15,0.0030651646321042786
2024-11-18,0.0026144180070227984
2024-11-19,0.00751466905521802
2024-11-20,-0.005638448482017572
2024-11-21,-0.005613629731736187
2024-11-22,-0.014032944198479783
2024-11-25,-0.0037835179156136475
2024-11-26,-0.010598574582804318
2024-11-27,0.0034438319603318814
2024-11-28,-0.0009057104047812638
2024-11-29,0.007996573980833293
2024-12-02,-0.00048488914827893005
2024-12-03,0.006108020856083336
2024-12-04,0.007468400628233014
2024-12-05,0.01213392778901901
2024-12-06,0.010262464158087205
2024-12-09,0.010790316607326897
2024-12-10,0.007180486031336658
2024-12-11,0.010593935857793807
2024-12-12,0.01604801882960593
2024-12-13,0.009007689941212793
2024-12-16,0.014003134987195489
2024-12-26,0.006900415485592637
2024-12-27,0.005168207247976489
2024-12-30,0.00184367111502597
2024-12-31,-0.0012799628572361904
2025-01-02,6.454219806547227e-05
2025-01-03,0.007980727752018609
2025-01-06,0.012671294875823481
2025-01-07,0.0073316244167548885
2025-01-08,-8.464938774952904e-05
2025-01-09,-0.002518647981466196
2025-01-10,-0.003927761023839537
2025-01-13,-0.013345054499006415
2025-01-14,-0.010616329965565784
2025-01-15,-0.005994010568444145
2025-01-16,-0.006947944322838928
2025-01-17,-0.015265810459749538
2025-01-20,-0.0057770838114997195
2025-01-21,-0.00023464750424431424
2025-01-22,0.0012073745953511854
2025-01-23,-0.00014312941368493505
2025-01-24,0.008406720361601257
2025-01-27,0.012641015973192709
2025-02-06,8.227282661594563e-07
2025-02-07,-0.010345243706787827
2025-02-10,-0.013069427278454926
2025-02-11,-0.00921616444058933
2025-02-12,-0.008935419928793237
2025-02-13,-0.011324784829626683
2025-02-14,-0.00255361311902389
2025-02-17,-0.002693364108121459
2025-02-18,-0.0052187983188201875
2025-02-19,-0.0036584437464042964
2025-02-20,0.0102943155502573
2025-02-21,0.014392838102240655
2025-02-24,0.0074996787297415225
2025-02-25,0.00368059423220232
2025-02-26,-0.007225538803781613
2025-02-27,-0.01841526574896831
2025-02-28,-0.022233774147486913
2025-03-03,-0.014755649784937612
2025-03-04,-0.012451487737198166
2025-03-05,-0.004031106642563021
2025-03-06,0.0021996920289700616
2025-03-07,-0.001121830980639431
2025-03-10,-0.008428000725637045
2025-03-11,-0.005532941049838766
2025-03-12,-0.0012225144892094304
2025-03-13,-0.001444203287664429
2025-03-14,0.0021508218572666897
2025-03-17,0.010528169147744921
2025-03-27,-0.017143722397845347
2025-03-28,0.000970558424956666
2025-03-31,0.0004054797892352248
2025-04-01,0.0007144359076922261
2025-04-02,-0.0035175622471997144
2025-04-03,-0.006233665007267896
2025-04-04,-0.030376100203004693
2025-04-07,-0.0417813656073202
2025-04-08,-0.035780035628930514
2025-04-09,-0.03585020472495593
2025-04-10,-0.016419936011688945
2025-04-11,-0.010567532214289558
2025-04-14,-0.012256263245746477
2025-04-15,-0.010933102065506026
2025-04-16,0.0024359732566560065
2025-04-17,0.0006952231377320313
2025-04-18,0.00222989941487946
2025-04-21,0.006155142586480451
2025-04-22,0.003085034911346508
2025-04-23,-0.004274453044667116
2025-04-24,0.007566532844543001
2025-04-25,0.0011125659492080729
2025-04-28,0.004174496097842097
2025-04-29,-0.004128455851884013
2025-04-30,-0.001414804314066042
2025-05-01,0.0007445865469631587
2025-05-02,0.0036146669011032856
2025-05-05,0.018995199826601774
2025-05-15,-0.0074816670837745515
2025-05-16,-0.01925665189252444
2025-05-19,-0.014105109292756856
2025-05-20,-0.005503681579139135
2025-05-21,0.002264407759129009
2025-05-22,-0.006814735254439557
2025-05-23,0.004060619331705659
2025-05-26,-0.000834643747082673
2025-05-27,-0.00425932669166202
2025-05-28,-0.011926769330639504
2025-05-29,-0.006660951254346598
2025-05-30,-0.0025506602167051843
2025-06-02,0.00019062984660384198
2025-06-03,-0.0018578442096991612
2025-06-04,0.0004471916324411983
2025-06-05,-0.004720474592184612
2025-06-06,-0.006595084525388023
2025-06-09,-0.005680146430877659
2025-06-10,-0.0002435186540770833
2025-06-11,-0.00056603511875857
2025-06-12,0.01037202161732549
2025-06-13,0.007375770154515182
2025-06-16,0.008828715911280847
2025-06-26,9.96543599056234e-05
2025-06-27,-0.0044064739288522
2025-06-30,0.00955000566703598
2025-07-01,0.009006000669432399
2025-07-02,0.009135975008149343
2025-07-03,0.005084426558365199
2025-07-04,0.0069090775473755655
2025-07-07,0.0029869226299234592
2025-07-08,0.008825756038786799
2025-07-09,0.006838498478674193
2025-07-10,0.012337170211233232
2025-07-11,0.0069796239632243075
2025-07-14,-0.0009753315280630917
2025-07-15,-0.00986746543653017
2025-07-16,-0.01017848577621048
2025-07-17,-0.013900693903049568
2025-07-18,-0.006122819183458585
2025-07-21,0.0055303574252834236
2025-07-22,0.012145038673049224
2025-07-23,0.019469730409150777
2025-07-24,0.024424890777209662
2025-07-25,0.013653817202804614
2025-07-28,0.003506585750860817
2025-08-07,0.00042004705217844494
2025-08-08,-0.0003323834983773645
2025-08-11,-0.0010132957658287778
2025-08-12,0.0036879889134345464
2025-08-13,0.007350490400806214
2025-08-14,0.006475415839863907
2025-08-15,-0.00022163116194653267
2025-08-18,0.00175561929891117
2025-08-19,-0.000925372812196888
2025-08-20,-0.0039202111334254155
2025-08-21,-0.010275828493960758
2025-08-22,-0.0019458127220854256
2025-08-25,-0.006298410259322694
2025-08-26,0.0007531196335223228
2025-08-27,0.0004972869353250481
2025-08-28,0.00697884931875835
2025-08-29,0.00036549042125969797
2025-09-01,-0.0016536298918219683
2025-09-02,-0.007296096338469645
2025-09-03,-0.00535399649881787
2025-09-04,-0.01181893471880295
2025-09-05,-0.004672676011720858
2025-09-08,-0.004266553945462649
2025-09-09,-0.011064299670488609
2025-09-10,-0.010607745124489048
2025-09-11,0.0022732775389945436
2025-09-12,0.003807782258222457
2025-09-15,0.005331582962354676
2025-09-25,-0.007390722396753789
2025-09-26,-0.005587646045808331
2025-09-29,-0.000991056748120979
2025-09-30,0.005506634192207866
2025-10-01,0.01175524851332745
2025-10-02,0.014011780999091523
2025-10-03,0.01404243132592283
2025-10-06,0.012506775869665655
2025-10-07,0.007319203131882115
2025-10-08,0.0020925937771754605
2025-10-09,-0.0062259551256695226
2025-10-10,-0.00370670051443361
2025-10-13,-0.005027583870155776
2025-10-14,-0.002257070633172444
2025-10-15,-0.0001654829603283747
2025-10-16,0.0021242081857990786
2025-10-17,0.0039744033783465724
2025-10-20,0.0017506750591555092
2025-10-21,-0.0038238366904609846
2025-10-22,-0.0027102054728221276
2025-10-23,0.004219426365540451
2025-10-24,0.0060180790004467745
2025-10-27,0.008756811854099647
2025-11-06,-0.0048991023280834465
2025-11-07,-0.003992280899346717
2025-11-10,0.00017568837697876696
2025-11-11,0.0016207242177236972
2025-11-12,0.008839935870318318
2025-11-13,0.011895863146183986
2025-11-14,0.010875169105896495
2025-11-17,0.007390433862186253
2025-11-18,0.004383380854785574
2025-11-19,-0.007600398138206685
2025-11-20,-0.008808209663931957
2025-11-21,-0.010036235667876826
2025-11-24,-0.01009192229231867
2025-11-25,-0.006567736609837678
2025-11-26,-0.008898590731639252
2025-11-27,-0.007381903076926252
2025-11-28,-0.00612764129086206
2025-12-01,-0.005199280113235964
2025-12-02,-0.003917543198120396
2025-12-03,-0.0016760930360365316
2025-12-04,-0.007649318097368776
2025-12-05,-0.004196045950491574
2025-12-08,-0.005313402131905267
2025-12-19,-0.008379353794429393
2025-12-22,-0.0027327855069004606
2025-12-23,0.0024761935706038023
2025-12-24,0.006042666303122543
2025-12-26,0.004944702297776251
2025-12-29,0.0006599251224299477
2025-12-30,0.002344858483254946
2025-12-31,0.0004941820892801308
2026-01-02,0.006501117445239846
2026-01-05,0.006397341869544619
2026-01-06,0.0066750658201536976
2026-01-07,0.005090972798257923
2026-01-08,0.0026024474801218888
2026-01-09,0.0013086576591824597
2026-01-12,0.00012514161409060034
2026-01-13,-0.008357844226816716
2026-01-14,-0.006688935414159331
2026-01-15,-0.013359017132234762
2026-01-16,-0.020687361067938757
2026-01-19,-0.02376569813884936
2026-01-20,-0.027598747663605237
2026-01-21,-0.027858185304705442
2026-01-22,-0.02556216354121448
2026-01-23,-0.012200344612751223
2026-01-26,0.0027233007298224296
2026-02-05,-0.011056144297421933
2026-02-06,-0.00905841593915967
2026-02-09,0.001664915243840421
2026-02-10,0.0015835829074259619
2026-02-11,0.009794855216634233
2026-02-12,0.008857833971240644
2026-02-13,0.008389430224609156
2026-02-16,0.0065455843921943275
2026-02-17,0.007075161932271279
2026-02-18,-0.0017753875380249245
2026-02-19,-9.578743520325016e-05
2026-02-20,-0.002712491262657602
2026-02-23,0.00557061645372895
2026-02-24,0.008750985193681156
2026-02-25,0.008444126548836355
2026-02-26,0.011427043261229142
2026-02-27,0.010978703620906397
2026-03-02,0.004687994860366068
2026-03-03,-0.008237498589081595
2026-03-04,0.0005954617034383995
2026-03-05,-0.0005225247955398698
2026-03-06,0.012099121020038513
2026-03-09,0.006573744520842084
2026-03-10,0.008062862743462561
2026-03-11,0.007633541081807564
2026-03-12,0.00020034384340775202
2026-03-13,-0.005204613172859195
2026-03-16,-0.0009516725683763287
2026-03-26,0.0025792675573401763
2026-03-27,0.0019515923810203045
2026-03-30,-0.0024151842668000546
2026-03-31,-0.0012179584664369185
2026-04-01,-0.00860940992915604
2026-04-02,-0.015871442424846696
2026-04-03,-0.016180819819274155
2026-04-06,-0.015511047198588852
2026-04-07,-0.019829563174023714
2026-04-08,-0.01018836975360259
2026-04-09,-0.006367301174886044
2026-04-10,-0.009463115386349455
2026-04-13,-0.006711276675988164
2026-04-14,-5.193118188930456e-05
2026-04-15,0.002227279795714638
2026-04-16,0.002892882207632705
2026-04-17,0.0046453451755381625
2026-04-20,0.0016553402144017335
2026-04-21,0.0008242238989133995
2026-04-22,0.005005185509504365
2026-04-23,-0.007027080283409806
2026-04-24,-0.006845188033366443
2026-04-27,-0.0006742442876446834
2026-05-07,0.006978262670044275
2026-05-08,0.013791995448921648
