date,spike_ratio,join_ok,r0,r1,r5
2016-01-27,7.7173913043497775,True,0.0003060840235607059,-0.0028614876767442676,-0.020652664197165754
2016-03-16,17.58241758241825,True,-0.01171665541079267,-0.013913873789847583,0.001089517803801871
2016-04-27,17.614457831322827,True,0.0014504963445093947,-0.011416478936204214,-0.0049731270358886895
2016-06-15,11.428571428569072,True,-0.0017474647679547365,0.0020485510921797786,-0.00982133174009489
2016-07-27,12.09523809523588,True,0.0007411515385761299,-0.005496060303877704,-0.018813351554800357
2016-09-21,18.82142857142506,True,-0.0006340503623923231,-0.004740928237587231,-0.001722850957703103
2016-11-02,7.938461538458427,True,0.0004123831895826941,-0.0028964827403809004,0.007033217545723734
2016-12-14,15.472527472524126,True,0.006610551794791071,0.013658440752308995,0.019693881340802393
2017-02-01,8.500000000000252,True,-0.0032750706575938324,-0.0010499951539715553,0.0021377946594364804
2017-03-15,22.46666666666072,True,-0.006849654814799524,-0.0026920463436639736,-0.01168186104034783
2017-05-03,6.6197183098567765,True,0.0019293288105549002,-1.2388577627658211e-05,0.004094368176606821
2017-06-14,11.625000000000304,True,0.0020917515315818144,0.007634046014961516,0.009383373213937512
2017-07-26,18.566666666675832,True,-0.004204864543488345,0.0026681650045337654,-0.000779707987763476
2017-09-20,21.45679012345172,True,0.008555982633520354,0.0012666204850351904,0.009795051393344967
2017-11-01,6.583333333334824,True,0.0011609059063781887,-0.0014136917121706073,-0.0017916070618282532
2017-12-13,8.450704225351945,True,-0.0012270456861173343,-0.003001285858723546,-0.0010183834963767085
2018-01-31,8.571428571429175,True,0.0017504829385729102,-0.003339572358382828,0.015287279098017224
2018-03-21,20.984126984122653,True,-0.0011797812076245584,-0.0012700378258299213,0.002011017322140547
2018-05-02,13.333333333331764,True,-0.003259025193545691,0.0011040339564711273,0.006057397812928555
2018-06-13,8.254901960784236,True,0.0057057419246083,0.004641113867459655,0.011490964220552466
2018-08-01,3.298969072166086,True,-0.0003258987135062665,0.004221864656659239,0.0030304849513543473
2018-09-26,11.909090909092988,True,-9.996078533064954e-05,0.006649954439471205,0.014416789442979722
2018-11-08,6.222222222220813,True,0.001964650494410715,0.0036978724921223247,0.0033905486601875333
2018-12-19,14.999999999997645,True,0.003104776700058819,-0.002552882441146493,0.0033657797007684257
2019-01-30,15.611940298503693,True,-0.005344651341755523,-0.0004738846650075821,0.00994582788051916
2019-03-20,19.72549019607838,True,-0.006409118317740897,0.006176786514505121,0.007998645806306555
2019-05-01,16.114285714282634,True,-0.0006281622805263586,0.005377746841875391,0.00522542469012754
2019-06-19,14.954545454544652,True,-0.003466316487873559,-0.0061277823093949255,-0.010892492445548824
2019-07-31,26.100000000002886,True,0.0020021788389718753,0.0016319962261158187,0.0005884364954406922
2019-09-18,13.025641025637201,True,0.002399720527662045,-0.002715094664726221,0.0030954596045602986
2019-10-30,5.884615384617159,True,0.0002473468992099875,-0.004959975467788595,0.0005650552038403634
2019-12-11,7.891891891887642,True,-0.0010805659264354426,0.0020559452346456297,0.001734217152183814
2020-01-29,3.1034482758611714,True,-0.00036190235398072184,-0.0004982108194910242,0.003031997319353106
2020-04-29,4.759493670885926,True,-0.0016237049153672077,-0.00250015631883616,0.008813225704576681
2020-06-10,18.888888888893685,True,-0.0031084705244214953,0.012932599656238811,0.013852627040115275
2020-07-29,5.526315789472977,True,-0.0008641023726551213,-0.0006369371175926293,-0.0025389174095825063
2020-09-16,9.49999999999854,True,-0.0004664169533897939,0.0008730941280948875,0.01803272959776254
2020-11-05,3.5636363636359674,True,-0.0009632124876839491,-0.002543936819009715,0.003803521054562403
2020-12-16,7.818181818180656,True,0.0023150136037629857,-0.008543254409050606,-0.0018676956790061258
2021-01-27,4.966666666667185,True,0.0012269473256246324,-0.0009561692905546234,0.00555426879760089
2021-03-17,17.333333333335553,True,-0.004744672592203543,0.0006746929272107918,0.013790951598301484
2021-04-28,13.181818181818869,True,-0.001021367515311716,-0.0007151443453817174,0.002706607176217184
2021-06-16,29.34883720930725,True,0.006566486344955857,0.008243939774774207,0.006914198122332423
2021-07-28,17.249999999998842,True,-0.00018193370966380318,-0.007771423909973614,-0.005642122028829635
2021-09-22,20.850000000002332,True,-0.002118543336147018,-0.0017713418177094642,0.016197958291648756
2021-11-03,16.53658536584386,True,0.0003069189017987787,0.003221922108186204,0.007079999184187869
2021-12-15,15.500000000005782,True,0.0015921611722814204,-0.008371555595482267,-0.008367490301298113
2022-01-26,9.686274509803614,True,-0.0003176419082173655,0.011770799835078177,0.001100802270635405
2022-03-16,7.616161616163071,True,0.0028982504323576347,-0.012677081743159842,-0.013316260574259551
2022-05-04,10.162162162159584,True,0.00042683203293833477,0.006244403876250906,0.013065340463857444
2022-06-15,15.466666666661574,True,0.0031282341329707817,-0.021781995560572944,-0.012241218051447067
2022-07-27,6.829787234043317,True,-0.0008844224442183881,-0.007772732045247628,-0.00638037449146815
2022-09-21,14.250000000001924,True,0.003879468448801095,-0.0005331504441704647,0.015157315887773746
2022-11-02,13.865384615384166,True,-0.006996214640571814,0.02187085410985958,0.002145461451172938
2022-12-14,8.016393442623059,True,0.0045067287481173335,0.010952300014528774,0.006072324113025585
2023-02-01,9.452054794519482,True,0.0007562616813953765,-0.0036945438002313783,0.013540673262800897
2023-03-22,14.512195121946828,True,-0.004663098346067538,-0.002501971862115049,0.00020042514767970959
2023-05-03,15.157894736836857,True,-0.0007481366031241998,-0.0032531290078384617,-0.005838488187266779
2023-06-14,19.061224489791776,True,0.004775975456570119,-0.00961947178375949,-0.006204522973505698
2023-07-26,7.448275862068438,True,0.00017596986996809607,0.0005751808152846571,0.015717329854855265
2023-09-20,23.644444444452844,True,0.002817004239039876,0.0040561840786451945,0.016480604586733654
2023-11-01,5.9473684210522935,True,-0.0005286160981486251,-0.007591098602941574,-0.009987878889407017
2023-12-13,21.79310344828286,True,-0.007559077151746796,-0.009210119031466648,-0.011022356359975624
2024-01-31,13.903225806455252,True,0.0023326296872259534,-0.0027378013439166462,0.007398433852733387
2024-03-20,12.205128205124936,True,-0.0014435357629831028,0.002629225440494613,0.006851406203449638
2024-05-01,7.873015873017137,True,-0.0017253422968238183,-0.008530976362817466,-0.0079111721190127
2024-06-12,14.666666666661733,True,0.0007837119389371547,0.005682239418342131,0.005227704205244164
2024-07-31,9.437500000004423,True,0.0002843975462774144,-0.00019990189590989683,-0.008794011380311523
2024-09-18,17.4237288135637,True,-0.005438896511452735,0.003112946430387547,0.0033815039912380835
2024-11-07,11.91666666667164,True,0.0007661219462532812,0.005635714080960469,0.020697436809939018
2024-12-18,18.222222222218697,True,0.006261553556565664,0.005242335556035728,
2025-01-29,6.27848101265778,True,0.002027589623760221,-0.00301411045956174,-0.00966192198676064
2025-03-19,6.307692307692383,True,-0.001944845276693155,0.00279836098247261,0.006920514296724251
2025-05-07,2.4923076923074716,True,-0.0004300692440223273,0.010530421987775249,0.013306139312963695
2025-06-18,8.929577464788583,True,-0.0005389364864413698,0.004386279992543982,-0.003934543251374239
2025-07-30,4.852459016395699,True,-8.071899968944053e-05,0.006272292391917295,-0.0066035268924987045
2025-09-17,12.952380952378535,True,-0.0024738996197485362,0.01081910743708383,0.01741737253436154
2025-10-29,4.967741935485442,True,0.0008804043912717137,0.00682218369669818,0.015056772231808735
2025-12-10,11.124999999998959,True,-0.0009729578288975182,-0.005595613779528544,-0.001916061980814128
2026-01-28,13.103448275861593,True,0.00045462409381935446,-0.005221857589030979,0.008050797978635142
2026-03-18,3.3972602739717943,True,0.0002609189196900304,-0.002176956767139179,0.002680982170642793
2026-04-29,3.699999999999195,True,0.0015949382106576501,-0.011094887153947242,-0.014023374500070504
