combo,target_lag_h,ic_select,n_select
leg_discretionary_staples_yahoo+jordan_composite_yahoo+vix+leg_hy_ig_credit_yahoo+usd_basket,12,0.4516224320370348,12368
leg_discretionary_staples_yahoo+jordan_composite_yahoo+vix+usd_basket,12,0.45151495312268475,12368
leg_discretionary_staples_yahoo+jordan_composite_yahoo+vix,12,0.45137796656556717,12368
leg_discretionary_staples_yahoo+jordan_composite_yahoo+vix+leg_hy_ig_credit_yahoo,12,0.4510386043501721,12368
leg_discretionary_staples_yahoo+vix+leg_hy_ig_credit_yahoo+usd_basket,12,0.441045330894834,12368
leg_discretionary_staples_yahoo+vix+leg_hy_ig_credit_yahoo,12,0.4406468126368716,12368
leg_discretionary_staples_yahoo+vix,12,0.4372021767825523,12368
leg_discretionary_staples_yahoo+vix+usd_basket,12,0.43713527566630994,12368
leg_discretionary_staples_yahoo+jordan_composite_yahoo,12,0.4089433677285782,12368
leg_discretionary_staples_yahoo+jordan_composite_yahoo+leg_hy_ig_credit_yahoo,12,0.4086431370981845,12368
jordan_composite_yahoo+vix+leg_hy_ig_credit_yahoo,15,0.40355996994239407,12368
jordan_composite_yahoo+vix,15,0.4032419131670233,12368
leg_discretionary_staples_yahoo+jordan_composite_yahoo+usd_basket,12,0.4005285989306084,12368
leg_discretionary_staples_yahoo+jordan_composite_yahoo+leg_hy_ig_credit_yahoo+usd_basket,12,0.40048056948556243,12368
leg_discretionary_staples_yahoo+leg_hy_ig_credit_yahoo,12,0.3877104815575062,12368
leg_discretionary_staples_yahoo+leg_hy_ig_credit_yahoo+usd_basket,12,0.3796974362019642,12368
leg_discretionary_staples_yahoo+usd_basket,12,0.3703430619712039,12368
jordan_composite_yahoo+vix+leg_hy_ig_credit_yahoo+usd_basket,12,0.3699009948792049,12368
jordan_composite_yahoo+vix+usd_basket,12,0.3694027543369978,12368
vix+leg_hy_ig_credit_yahoo,15,0.3685086448378453,12368
vix+leg_hy_ig_credit_yahoo+usd_basket,12,0.341933680630516,12368
vix+usd_basket,12,0.33340752302536225,12368
jordan_composite_yahoo+leg_hy_ig_credit_yahoo,15,0.3157601801227404,12368
leg_discretionary_staples_yahoo+jordan_composite_yahoo+vix+hy_ig_oas_diff+leg_hy_ig_credit_yahoo+usd_basket,6,0.2877792199514275,12368
leg_discretionary_staples_yahoo+jordan_composite_yahoo+vix+hy_ig_oas_diff+usd_basket,6,0.2876710467958241,12368
leg_discretionary_staples_yahoo+jordan_composite_yahoo+vix+hy_ig_oas_diff,6,0.28671407630842083,12368
leg_discretionary_staples_yahoo+jordan_composite_yahoo+vix+hy_ig_oas_diff+leg_hy_ig_credit_yahoo,6,0.2866077910447749,12368
leg_discretionary_staples_yahoo+vix+hy_ig_oas_diff+leg_hy_ig_credit_yahoo+usd_basket,6,0.27829072224317847,12368
leg_discretionary_staples_yahoo+vix+hy_ig_oas_diff+leg_hy_ig_credit_yahoo,6,0.2779798514817983,12368
jordan_composite_yahoo+leg_hy_ig_credit_yahoo+usd_basket,12,0.2754177919520919,12368
leg_discretionary_staples_yahoo+vix+hy_ig_oas_diff+usd_basket,6,0.2747889560007638,12368
leg_discretionary_staples_yahoo+vix+hy_ig_oas_diff,6,0.2747473026474249,12368
jordan_composite_yahoo+usd_basket,12,0.2692558152136162,12368
jordan_composite_yahoo+vix+hy_ig_oas_diff+leg_hy_ig_credit_yahoo+usd_basket,6,0.24948087814206363,12368
jordan_composite_yahoo+vix+hy_ig_oas_diff+leg_hy_ig_credit_yahoo,6,0.24890653593938628,12368
jordan_composite_yahoo+vix+hy_ig_oas_diff+usd_basket,6,0.2483448204713889,12368
jordan_composite_yahoo+vix+hy_ig_oas_diff,6,0.2474909115094539,12368
leg_discretionary_staples_yahoo+jordan_composite_yahoo+hy_ig_oas_diff+leg_hy_ig_credit_yahoo,6,0.24160949076704147,12368
leg_discretionary_staples_yahoo+jordan_composite_yahoo+hy_ig_oas_diff,6,0.24089693197081233,12368
leg_discretionary_staples_yahoo+jordan_composite_yahoo+hy_ig_oas_diff+leg_hy_ig_credit_yahoo+usd_basket,6,0.23511663978238903,12368
vix+hy_ig_oas_diff+leg_hy_ig_credit_yahoo,6,0.23460863895786502,12368
vix+hy_ig_oas_diff+leg_hy_ig_credit_yahoo+usd_basket,6,0.23451627790267704,12368
leg_discretionary_staples_yahoo+jordan_composite_yahoo+hy_ig_oas_diff+usd_basket,6,0.23430948068489796,12368
vix+hy_ig_oas_diff+usd_basket,6,0.2313740525831728,12368
vix+hy_ig_oas_diff,6,0.2311173805742477,12368
leg_discretionary_staples_yahoo+hy_ig_oas_diff+leg_hy_ig_credit_yahoo,6,0.21906124125875678,12368
leg_discretionary_staples_yahoo+hy_ig_oas_diff,6,0.21301051843607263,12368
leg_discretionary_staples_yahoo+hy_ig_oas_diff+leg_hy_ig_credit_yahoo+usd_basket,6,0.20906039348391417,12368
leg_discretionary_staples_yahoo+hy_ig_oas_diff+usd_basket,6,0.20106722466275828,12368
leg_discretionary_staples_yahoo+jordan_composite_yahoo+vix+copper_gold_ratio_yahoo+hangseng+leg_hy_ig_credit_yahoo+usd_basket,3,0.17808288439242878,12368
leg_discretionary_staples_yahoo+jordan_composite_yahoo+vix+hy_ig_oas_diff+copper_gold_ratio_yahoo+hangseng+leg_hy_ig_credit_yahoo,3,0.17798924780932418,12368
leg_discretionary_staples_yahoo+jordan_composite_yahoo+vix+hy_ig_oas_diff+copper_gold_ratio_yahoo+hangseng+leg_hy_ig_credit_yahoo+usd_basket,3,0.17797165165560716,12368
leg_discretionary_staples_yahoo+jordan_composite_yahoo+vix+copper_gold_ratio_yahoo+hangseng+leg_hy_ig_credit_yahoo,3,0.17790827021816724,12368
leg_discretionary_staples_yahoo+jordan_composite_yahoo+vix+hy_ig_oas_diff+copper_gold_ratio_yahoo+hangseng+usd_basket,3,0.17661498500575334,12368
leg_discretionary_staples_yahoo+jordan_composite_yahoo+vix+copper_gold_ratio_yahoo+hangseng+usd_basket,3,0.17654137133814093,12368
leg_discretionary_staples_yahoo+jordan_composite_yahoo+vix+hy_ig_oas_diff+copper_gold_ratio_yahoo+hangseng,3,0.17639607354388678,12368
leg_discretionary_staples_yahoo+jordan_composite_yahoo+vix+copper_gold_ratio_yahoo+hangseng,3,0.17637863292128983,12368
leg_discretionary_staples_yahoo+jordan_composite_yahoo+vix+hy_ig_oas_diff+copper_gold_ratio_yahoo+leg_hy_ig_credit_yahoo+usd_basket,3,0.17597011190142184,12368
leg_discretionary_staples_yahoo+jordan_composite_yahoo+vix+copper_gold_ratio_yahoo+leg_hy_ig_credit_yahoo+usd_basket,3,0.17590494252433955,12368
leg_discretionary_staples_yahoo+jordan_composite_yahoo+vix+hy_ig_oas_diff+copper_gold_ratio_yahoo+leg_hy_ig_credit_yahoo,3,0.17560751743349035,12368
leg_discretionary_staples_yahoo+jordan_composite_yahoo+vix+copper_gold_ratio_yahoo+leg_hy_ig_credit_yahoo,3,0.17555445041714576,12368
leg_discretionary_staples_yahoo+jordan_composite_yahoo+vix+copper_gold_ratio_yahoo+usd_basket,3,0.17444328804993858,12368
leg_discretionary_staples_yahoo+jordan_composite_yahoo+vix+hangseng+leg_hy_ig_credit_yahoo+usd_basket,3,0.17443615905865137,12368
leg_discretionary_staples_yahoo+jordan_composite_yahoo+vix+hangseng+leg_hy_ig_credit_yahoo,3,0.1744035738162042,12368
leg_discretionary_staples_yahoo+jordan_composite_yahoo+vix+hy_ig_oas_diff+copper_gold_ratio_yahoo+usd_basket,3,0.17426938591352323,12368
leg_discretionary_staples_yahoo+jordan_composite_yahoo+vix+hy_ig_oas_diff+hangseng+leg_hy_ig_credit_yahoo+usd_basket,3,0.17414295397576204,12368
leg_discretionary_staples_yahoo+jordan_composite_yahoo+vix+hy_ig_oas_diff+hangseng+leg_hy_ig_credit_yahoo,3,0.17411058005758226,12368
leg_discretionary_staples_yahoo+jordan_composite_yahoo+vix+hy_ig_oas_diff+copper_gold_ratio_yahoo,3,0.1740931999074856,12368
leg_discretionary_staples_yahoo+jordan_composite_yahoo+vix+copper_gold_ratio_yahoo,3,0.17397502353585317,12368
leg_discretionary_staples_yahoo+jordan_composite_yahoo+vix+hangseng,3,0.17321079532339015,12368
leg_discretionary_staples_yahoo+jordan_composite_yahoo+vix+hangseng+usd_basket,3,0.1730399421677508,12368
leg_discretionary_staples_yahoo+jordan_composite_yahoo+vix+hy_ig_oas_diff+hangseng,3,0.173024551679698,12368
leg_discretionary_staples_yahoo+jordan_composite_yahoo+vix+hy_ig_oas_diff+hangseng+usd_basket,3,0.1729812162524404,12368
jordan_composite_yahoo+vix+copper_gold_ratio_yahoo+hangseng+leg_hy_ig_credit_yahoo+usd_basket,3,0.1707210076330462,12368
jordan_composite_yahoo+vix+copper_gold_ratio_yahoo+hangseng+leg_hy_ig_credit_yahoo,3,0.1706715545892169,12368
jordan_composite_yahoo+vix+hy_ig_oas_diff+copper_gold_ratio_yahoo+hangseng+leg_hy_ig_credit_yahoo+usd_basket,3,0.1705924242592832,12368
jordan_composite_yahoo+vix+hy_ig_oas_diff+copper_gold_ratio_yahoo+hangseng+leg_hy_ig_credit_yahoo,3,0.17048915816974344,12368
jordan_composite_yahoo+vix+hy_ig_oas_diff+copper_gold_ratio_yahoo+leg_hy_ig_credit_yahoo,3,0.1687141651024168,12368
jordan_composite_yahoo+vix+copper_gold_ratio_yahoo+leg_hy_ig_credit_yahoo,3,0.16862027653774714,12368
jordan_composite_yahoo+vix+copper_gold_ratio_yahoo+leg_hy_ig_credit_yahoo+usd_basket,3,0.16859937857095883,12368
jordan_composite_yahoo+vix+hy_ig_oas_diff+copper_gold_ratio_yahoo+leg_hy_ig_credit_yahoo+usd_basket,3,0.1684482578851511,12368
jordan_composite_yahoo+vix+copper_gold_ratio_yahoo+hangseng,3,0.16837096444752261,12368
leg_discretionary_staples_yahoo+vix+copper_gold_ratio_yahoo+hangseng+leg_hy_ig_credit_yahoo+usd_basket,3,0.16834961833557874,12368
leg_discretionary_staples_yahoo+vix+hy_ig_oas_diff+copper_gold_ratio_yahoo+hangseng+leg_hy_ig_credit_yahoo+usd_basket,3,0.16827516396754383,12368
jordan_composite_yahoo+vix+copper_gold_ratio_yahoo+hangseng+usd_basket,3,0.16818817321861368,12368
jordan_composite_yahoo+vix+hy_ig_oas_diff+copper_gold_ratio_yahoo+hangseng,3,0.1681639060192485,12368
jordan_composite_yahoo+vix+hy_ig_oas_diff+copper_gold_ratio_yahoo+hangseng+usd_basket,3,0.168034334368429,12368
leg_discretionary_staples_yahoo+vix+copper_gold_ratio_yahoo+hangseng+usd_basket,3,0.16802451759490378,12368
leg_discretionary_staples_yahoo+vix+hy_ig_oas_diff+copper_gold_ratio_yahoo+hangseng+usd_basket,3,0.16793707158643112,12368
leg_discretionary_staples_yahoo+vix+hy_ig_oas_diff+copper_gold_ratio_yahoo+hangseng+leg_hy_ig_credit_yahoo,3,0.16757116993395127,12368
leg_discretionary_staples_yahoo+vix+copper_gold_ratio_yahoo+hangseng+leg_hy_ig_credit_yahoo,3,0.1675594950956113,12368
leg_discretionary_staples_yahoo+vix+copper_gold_ratio_yahoo+hangseng,3,0.16715215651520388,12368
leg_discretionary_staples_yahoo+vix+hy_ig_oas_diff+copper_gold_ratio_yahoo+hangseng,3,0.16711345297579855,12368
leg_discretionary_staples_yahoo+vix+hy_ig_oas_diff+copper_gold_ratio_yahoo+leg_hy_ig_credit_yahoo+usd_basket,3,0.16654084073179795,12368
leg_discretionary_staples_yahoo+vix+copper_gold_ratio_yahoo+usd_basket,3,0.16648522315032155,12368
leg_discretionary_staples_yahoo+vix+copper_gold_ratio_yahoo+leg_hy_ig_credit_yahoo+usd_basket,3,0.1664386469032897,12368
jordan_composite_yahoo+vix+hy_ig_oas_diff+copper_gold_ratio_yahoo+usd_basket,3,0.1663701769000741,12368
leg_discretionary_staples_yahoo+vix+hy_ig_oas_diff+copper_gold_ratio_yahoo+usd_basket,3,0.16627360198809446,12368
jordan_composite_yahoo+vix+copper_gold_ratio_yahoo+usd_basket,3,0.16623555651920338,12368
jordan_composite_yahoo+vix+hy_ig_oas_diff+copper_gold_ratio_yahoo,3,0.16615949554282838,12368
jordan_composite_yahoo+vix+copper_gold_ratio_yahoo,3,0.16608430250718081,12368
leg_discretionary_staples_yahoo+vix+copper_gold_ratio_yahoo+leg_hy_ig_credit_yahoo,3,0.1660652179950333,12368
leg_discretionary_staples_yahoo+vix+hy_ig_oas_diff+copper_gold_ratio_yahoo+leg_hy_ig_credit_yahoo,3,0.16598114006875173,12368
leg_discretionary_staples_yahoo+vix+hangseng+leg_hy_ig_credit_yahoo+usd_basket,3,0.1658820186832554,12368
leg_discretionary_staples_yahoo+vix+hy_ig_oas_diff+hangseng+leg_hy_ig_credit_yahoo+usd_basket,3,0.16578516404311333,12368
leg_discretionary_staples_yahoo+vix+hy_ig_oas_diff+copper_gold_ratio_yahoo,3,0.16563300380726395,12368
leg_discretionary_staples_yahoo+vix+copper_gold_ratio_yahoo,3,0.1656125601660815,12368
leg_discretionary_staples_yahoo+vix+hangseng+leg_hy_ig_credit_yahoo,3,0.16522326682589983,12368
leg_discretionary_staples_yahoo+vix+hy_ig_oas_diff+hangseng+leg_hy_ig_credit_yahoo,3,0.16514142975303983,12368
leg_discretionary_staples_yahoo+vix+hangseng+usd_basket,3,0.1650571694503794,12368
jordan_composite_yahoo+vix+hangseng+leg_hy_ig_credit_yahoo,3,0.16488236272332035,12368
leg_discretionary_staples_yahoo+vix+hy_ig_oas_diff+hangseng+usd_basket,3,0.16487608164000805,12368
jordan_composite_yahoo+vix+hy_ig_oas_diff+hangseng+leg_hy_ig_credit_yahoo,3,0.164807031459566,12368
jordan_composite_yahoo+vix+hangseng+leg_hy_ig_credit_yahoo+usd_basket,3,0.1646794770084892,12368
jordan_composite_yahoo+vix+hy_ig_oas_diff+hangseng+leg_hy_ig_credit_yahoo+usd_basket,3,0.16461699201071847,12368
leg_discretionary_staples_yahoo+vix+hangseng,3,0.16444072811691327,12368
leg_discretionary_staples_yahoo+vix+hy_ig_oas_diff+hangseng,3,0.16428559530090925,12368
jordan_composite_yahoo+vix+hangseng,3,0.16280726120962222,12368
jordan_composite_yahoo+vix+hy_ig_oas_diff+hangseng,3,0.16264962800066865,12368
jordan_composite_yahoo+vix+hangseng+usd_basket,3,0.1624617569318262,12368
jordan_composite_yahoo+vix+hy_ig_oas_diff+hangseng+usd_basket,3,0.16232774310276674,12368
jordan_composite_yahoo+hy_ig_oas_diff,6,0.1617492125640111,12368
jordan_composite_yahoo+hy_ig_oas_diff+leg_hy_ig_credit_yahoo,6,0.15959222085662497,12368
vix+hy_ig_oas_diff+copper_gold_ratio_yahoo+hangseng+leg_hy_ig_credit_yahoo+usd_basket,3,0.15912588024229246,12368
jordan_composite_yahoo+hy_ig_oas_diff+leg_hy_ig_credit_yahoo+usd_basket,6,0.15906613241916628,12368
vix+hy_ig_oas_diff+copper_gold_ratio_yahoo+hangseng+leg_hy_ig_credit_yahoo,3,0.15877157851112886,12368
vix+copper_gold_ratio_yahoo+hangseng+leg_hy_ig_credit_yahoo+usd_basket,3,0.15874380399710403,12368
vix+hy_ig_oas_diff+copper_gold_ratio_yahoo+hangseng+usd_basket,3,0.15851370801756895,12368
vix+copper_gold_ratio_yahoo+hangseng+leg_hy_ig_credit_yahoo,3,0.1583937222200788,12368
vix+hy_ig_oas_diff+copper_gold_ratio_yahoo+hangseng,3,0.1579602970879667,12368
vix+copper_gold_ratio_yahoo+hangseng+usd_basket,3,0.15788062437239975,12368
vix+hy_ig_oas_diff+copper_gold_ratio_yahoo+leg_hy_ig_credit_yahoo+usd_basket,3,0.15763720071899384,12368
vix+copper_gold_ratio_yahoo+leg_hy_ig_credit_yahoo+usd_basket,3,0.15753858107321103,12368
vix+copper_gold_ratio_yahoo+hangseng,3,0.1573673627164988,12368
vix+hy_ig_oas_diff+copper_gold_ratio_yahoo+leg_hy_ig_credit_yahoo,3,0.15733365344046465,12368
vix+hy_ig_oas_diff+copper_gold_ratio_yahoo+usd_basket,3,0.15730880938019426,12368
vix+copper_gold_ratio_yahoo+leg_hy_ig_credit_yahoo,3,0.1571800011972513,12368
vix+copper_gold_ratio_yahoo+usd_basket,3,0.15681020996395387,12368
vix+copper_gold_ratio_yahoo,3,0.15651517413769633,12368
vix+hy_ig_oas_diff+copper_gold_ratio_yahoo,3,0.15642231740183904,12368
jordan_composite_yahoo+hy_ig_oas_diff+usd_basket,6,0.1545478488152951,12368
vix+hy_ig_oas_diff+hangseng+leg_hy_ig_credit_yahoo+usd_basket,3,0.15445621970870824,12368
vix+hy_ig_oas_diff+hangseng+leg_hy_ig_credit_yahoo,3,0.15440309045314363,12368
vix+hangseng+leg_hy_ig_credit_yahoo+usd_basket,3,0.15384434074139614,12368
vix+hy_ig_oas_diff+hangseng+usd_basket,3,0.15365400515660646,12368
vix+hangseng+leg_hy_ig_credit_yahoo,3,0.1536430896404752,12368
vix+hy_ig_oas_diff+hangseng,3,0.15352392844842438,12368
vix+hangseng+usd_basket,3,0.15287287219664214,12368
vix+hangseng,3,0.15256449589856907,12368
leg_discretionary_staples_yahoo+jordan_composite_yahoo+copper_gold_ratio_yahoo,3,0.14311202664976888,12368
leg_discretionary_staples_yahoo+jordan_composite_yahoo+hy_ig_oas_diff+copper_gold_ratio_yahoo,3,0.14166138618725935,12368
leg_discretionary_staples_yahoo+jordan_composite_yahoo+copper_gold_ratio_yahoo+leg_hy_ig_credit_yahoo,3,0.14099441026232362,12368
leg_discretionary_staples_yahoo+jordan_composite_yahoo+hy_ig_oas_diff+copper_gold_ratio_yahoo+hangseng+leg_hy_ig_credit_yahoo,3,0.14066924420585045,12368
leg_discretionary_staples_yahoo+jordan_composite_yahoo+copper_gold_ratio_yahoo+hangseng+leg_hy_ig_credit_yahoo,3,0.14009970776217734,12368
leg_discretionary_staples_yahoo+jordan_composite_yahoo+hy_ig_oas_diff+copper_gold_ratio_yahoo+hangseng+leg_hy_ig_credit_yahoo+usd_basket,3,0.13929314383623495,12368
leg_discretionary_staples_yahoo+jordan_composite_yahoo+copper_gold_ratio_yahoo+hangseng+leg_hy_ig_credit_yahoo+usd_basket,3,0.13890145113349606,12368
leg_discretionary_staples_yahoo+jordan_composite_yahoo+hy_ig_oas_diff+copper_gold_ratio_yahoo+leg_hy_ig_credit_yahoo,3,0.1384181735265401,12368
leg_discretionary_staples_yahoo+jordan_composite_yahoo+hy_ig_oas_diff+copper_gold_ratio_yahoo+hangseng,3,0.1363174467003799,12368
leg_discretionary_staples_yahoo+jordan_composite_yahoo+copper_gold_ratio_yahoo+hangseng,3,0.13606675910126814,12368
leg_discretionary_staples_yahoo+jordan_composite_yahoo+hy_ig_oas_diff+hangseng+leg_hy_ig_credit_yahoo,3,0.13529058891066914,12368
leg_discretionary_staples_yahoo+jordan_composite_yahoo+hangseng+leg_hy_ig_credit_yahoo,3,0.13519723989477644,12368
leg_discretionary_staples_yahoo+jordan_composite_yahoo+hy_ig_oas_diff+copper_gold_ratio_yahoo+hangseng+usd_basket,3,0.13510394992581584,12368
leg_discretionary_staples_yahoo+jordan_composite_yahoo+copper_gold_ratio_yahoo+hangseng+usd_basket,3,0.1350254248173697,12368
leg_discretionary_staples_yahoo+jordan_composite_yahoo+hy_ig_oas_diff+hangseng+leg_hy_ig_credit_yahoo+usd_basket,3,0.13410074815354842,12368
leg_discretionary_staples_yahoo+jordan_composite_yahoo+hangseng+leg_hy_ig_credit_yahoo+usd_basket,3,0.133887890006957,12368
leg_discretionary_staples_yahoo+jordan_composite_yahoo+hy_ig_oas_diff+hangseng,3,0.1322952667727373,12368
leg_discretionary_staples_yahoo+jordan_composite_yahoo+hangseng,3,0.13202032590189136,12368
leg_discretionary_staples_yahoo+jordan_composite_yahoo+hy_ig_oas_diff+hangseng+usd_basket,3,0.13082022134967033,12368
leg_discretionary_staples_yahoo+jordan_composite_yahoo+hangseng+usd_basket,3,0.1307221489883282,12368
leg_discretionary_staples_yahoo+jordan_composite_yahoo+copper_gold_ratio_yahoo+leg_hy_ig_credit_yahoo+usd_basket,3,0.12742847218583492,12368
leg_discretionary_staples_yahoo+jordan_composite_yahoo+hy_ig_oas_diff+copper_gold_ratio_yahoo+leg_hy_ig_credit_yahoo+usd_basket,3,0.12713113223338723,12368
leg_discretionary_staples_yahoo+jordan_composite_yahoo+hy_ig_oas_diff+copper_gold_ratio_yahoo+usd_basket,3,0.12660658761543017,12368
leg_discretionary_staples_yahoo+jordan_composite_yahoo+copper_gold_ratio_yahoo+usd_basket,3,0.12652874724364624,12368
leg_hy_ig_credit_yahoo+usd_basket,12,0.12013129793200883,12368
jordan_composite_yahoo+hy_ig_oas_diff+copper_gold_ratio_yahoo+hangseng+leg_hy_ig_credit_yahoo,3,0.11398472420746453,12368
jordan_composite_yahoo+hy_ig_oas_diff+copper_gold_ratio_yahoo+hangseng+leg_hy_ig_credit_yahoo+usd_basket,3,0.11393466225611211,12368
leg_discretionary_staples_yahoo+hy_ig_oas_diff+copper_gold_ratio_yahoo+hangseng+leg_hy_ig_credit_yahoo,3,0.11093830899371322,12368
leg_discretionary_staples_yahoo+hy_ig_oas_diff+copper_gold_ratio_yahoo+hangseng+leg_hy_ig_credit_yahoo+usd_basket,3,0.11015287246432438,12368
leg_discretionary_staples_yahoo+copper_gold_ratio_yahoo+hangseng+leg_hy_ig_credit_yahoo,3,0.1100801391697707,12368
leg_discretionary_staples_yahoo+copper_gold_ratio_yahoo+hangseng+leg_hy_ig_credit_yahoo+usd_basket,3,0.10958316947476839,12368
jordan_composite_yahoo+copper_gold_ratio_yahoo+hangseng+leg_hy_ig_credit_yahoo,3,0.1095272058869514,12368
jordan_composite_yahoo+copper_gold_ratio_yahoo+hangseng+leg_hy_ig_credit_yahoo+usd_basket,3,0.10947962098343611,12368
leg_discretionary_staples_yahoo+copper_gold_ratio_yahoo+leg_hy_ig_credit_yahoo,3,0.10851903865934086,12368
leg_discretionary_staples_yahoo+hy_ig_oas_diff+copper_gold_ratio_yahoo+leg_hy_ig_credit_yahoo,3,0.10831505971147759,12368
leg_discretionary_staples_yahoo+hy_ig_oas_diff+copper_gold_ratio_yahoo+hangseng,3,0.10775731815800757,12368
leg_discretionary_staples_yahoo+hy_ig_oas_diff+copper_gold_ratio_yahoo+hangseng+usd_basket,3,0.10758877956391237,12368
leg_discretionary_staples_yahoo+copper_gold_ratio_yahoo+hangseng,3,0.10730697311818567,12368
leg_discretionary_staples_yahoo+copper_gold_ratio_yahoo+hangseng+usd_basket,3,0.10706870528443514,12368
leg_discretionary_staples_yahoo+hy_ig_oas_diff+hangseng+leg_hy_ig_credit_yahoo,3,0.10591881312456033,12368
jordan_composite_yahoo+hy_ig_oas_diff+copper_gold_ratio_yahoo+hangseng,3,0.10573430495325443,12368
leg_discretionary_staples_yahoo+hy_ig_oas_diff+hangseng+leg_hy_ig_credit_yahoo+usd_basket,3,0.10547344093339374,12368
jordan_composite_yahoo+hy_ig_oas_diff+copper_gold_ratio_yahoo+hangseng+usd_basket,3,0.10520669131992624,12368
leg_discretionary_staples_yahoo+hangseng+leg_hy_ig_credit_yahoo,3,0.10481601728318346,12368
leg_discretionary_staples_yahoo+hangseng+leg_hy_ig_credit_yahoo+usd_basket,3,0.1046877370852927,12368
jordan_composite_yahoo+hy_ig_oas_diff+hangseng+leg_hy_ig_credit_yahoo+usd_basket,3,0.10440107688914224,12368
jordan_composite_yahoo+hy_ig_oas_diff+hangseng+leg_hy_ig_credit_yahoo,3,0.10405994407829204,12368
leg_discretionary_staples_yahoo+hy_ig_oas_diff+hangseng,3,0.10327865514963253,12368
leg_discretionary_staples_yahoo+hy_ig_oas_diff+hangseng+usd_basket,3,0.10296592155135216,12368
leg_discretionary_staples_yahoo+hangseng,3,0.1024748258117584,12368
leg_discretionary_staples_yahoo+hangseng+usd_basket,3,0.10204875115965165,12368
jordan_composite_yahoo+copper_gold_ratio_yahoo+hangseng,3,0.1020394163297137,12368
jordan_composite_yahoo+copper_gold_ratio_yahoo+hangseng+usd_basket,3,0.101758418879249,12368
leg_discretionary_staples_yahoo+hy_ig_oas_diff+copper_gold_ratio_yahoo,3,0.10168028676729621,12368
jordan_composite_yahoo+hy_ig_oas_diff+copper_gold_ratio_yahoo,3,0.10107126388644909,12368
jordan_composite_yahoo+hangseng+leg_hy_ig_credit_yahoo+usd_basket,3,0.10012552484744967,12368
jordan_composite_yahoo+copper_gold_ratio_yahoo+leg_hy_ig_credit_yahoo,3,0.10000675488004537,12368
leg_discretionary_staples_yahoo+copper_gold_ratio_yahoo,3,0.09987790818219056,12368
jordan_composite_yahoo+hangseng+leg_hy_ig_credit_yahoo,3,0.09983072845781028,12368
jordan_composite_yahoo+hy_ig_oas_diff+copper_gold_ratio_yahoo+leg_hy_ig_credit_yahoo,3,0.09894297649610967,12368
hy_ig_oas_diff+leg_hy_ig_credit_yahoo,6,0.09838115553855527,12368
jordan_composite_yahoo+hy_ig_oas_diff+hangseng,3,0.09663047410657519,12368
jordan_composite_yahoo+hy_ig_oas_diff+hangseng+usd_basket,3,0.096360450560016,12368
leg_discretionary_staples_yahoo+hy_ig_oas_diff+copper_gold_ratio_yahoo+leg_hy_ig_credit_yahoo+usd_basket,3,0.09569103602295449,12368
leg_discretionary_staples_yahoo+copper_gold_ratio_yahoo+leg_hy_ig_credit_yahoo+usd_basket,3,0.09545259675922964,12368
jordan_composite_yahoo+copper_gold_ratio_yahoo,3,0.09532756970592554,12368
jordan_composite_yahoo+hangseng,3,0.0938912469243493,12368
jordan_composite_yahoo+hangseng+usd_basket,3,0.09352418098108063,12368
jordan_composite_yahoo+hy_ig_oas_diff+copper_gold_ratio_yahoo+leg_hy_ig_credit_yahoo+usd_basket,3,0.0919778201996513,12368
hy_ig_oas_diff+leg_hy_ig_credit_yahoo+usd_basket,6,0.09177266222983041,12368
jordan_composite_yahoo+hy_ig_oas_diff+copper_gold_ratio_yahoo+usd_basket,3,0.0912206176425702,12368
jordan_composite_yahoo+copper_gold_ratio_yahoo+leg_hy_ig_credit_yahoo+usd_basket,3,0.09060568738246252,12368
leg_discretionary_staples_yahoo+copper_gold_ratio_yahoo+usd_basket,3,0.08951090238848973,12368
leg_discretionary_staples_yahoo+hy_ig_oas_diff+copper_gold_ratio_yahoo+usd_basket,3,0.08938200595183977,12368
jordan_composite_yahoo+copper_gold_ratio_yahoo+usd_basket,3,0.08590863489283981,12368
hy_ig_oas_diff+copper_gold_ratio_yahoo+leg_hy_ig_credit_yahoo,3,0.06659260636352457,12368
hy_ig_oas_diff+copper_gold_ratio_yahoo+hangseng+leg_hy_ig_credit_yahoo+usd_basket,3,0.06625406348465168,12368
hy_ig_oas_diff+copper_gold_ratio_yahoo+hangseng+leg_hy_ig_credit_yahoo,3,0.06550961861620111,12368
hy_ig_oas_diff+copper_gold_ratio_yahoo+hangseng+usd_basket,3,0.061526613915629094,12368
hy_ig_oas_diff+copper_gold_ratio_yahoo+hangseng,3,0.06078579751022616,12368
hy_ig_oas_diff+copper_gold_ratio_yahoo+leg_hy_ig_credit_yahoo+usd_basket,3,0.05723534446090144,12368
hy_ig_oas_diff+hangseng+leg_hy_ig_credit_yahoo,3,0.05709676307570479,12368
hy_ig_oas_diff+hangseng+leg_hy_ig_credit_yahoo+usd_basket,3,0.05688888399197595,12368
copper_gold_ratio_yahoo+hangseng+leg_hy_ig_credit_yahoo+usd_basket,3,0.05645817534886495,12368
copper_gold_ratio_yahoo+hangseng+leg_hy_ig_credit_yahoo,3,0.0563562470328547,12368
hy_ig_oas_diff+copper_gold_ratio_yahoo,3,0.05357769872644285,12368
copper_gold_ratio_yahoo+hangseng+usd_basket,3,0.053294468262205734,12368
hy_ig_oas_diff+usd_basket,6,0.05291595642721005,12368
copper_gold_ratio_yahoo+hangseng,3,0.05277294796893309,12368
hy_ig_oas_diff+hangseng+usd_basket,3,0.052762014364789986,12368
hy_ig_oas_diff+hangseng,3,0.05254632451485021,12368
hangseng+leg_hy_ig_credit_yahoo+usd_basket,3,0.044967026156909486,12368
hangseng+leg_hy_ig_credit_yahoo,3,0.044802748378716034,12368
copper_gold_ratio_yahoo+leg_hy_ig_credit_yahoo,3,0.040419691004670695,12368
hangseng+usd_basket,3,0.037526979817191025,12368
copper_gold_ratio_yahoo+leg_hy_ig_credit_yahoo+usd_basket,3,0.03359671749185379,12368
hy_ig_oas_diff+copper_gold_ratio_yahoo+usd_basket,3,0.03136907868707262,12368
copper_gold_ratio_yahoo+usd_basket,3,0.01607454051752214,12368
