lag_h,train_level_corr,n,key
3,0.08778169580193043,45928,jordan_composite_yahoo
6,0.08840349269698596,45917,jordan_composite_yahoo
9,0.08892734019077204,45905,jordan_composite_yahoo
12,0.08932712522914064,45893,jordan_composite_yahoo
15,0.08950872638525234,45881,jordan_composite_yahoo
18,0.08925533951665672,45869,jordan_composite_yahoo
21,0.08870366798829414,45857,jordan_composite_yahoo
24,0.08851899440104505,45845,jordan_composite_yahoo
27,0.08781563923792991,45836,jordan_composite_yahoo
30,0.08715452837301828,45825,jordan_composite_yahoo
33,0.0865136321306889,45813,jordan_composite_yahoo
36,0.0858269330895138,45801,jordan_composite_yahoo
39,0.08507428029983408,45789,jordan_composite_yahoo
42,0.0843719985470614,45777,jordan_composite_yahoo
45,0.08375434759353387,45765,jordan_composite_yahoo
48,0.08334402625984146,45753,jordan_composite_yahoo
51,0.08234650311347218,45744,jordan_composite_yahoo
54,0.08109498176760396,45744,jordan_composite_yahoo
57,0.07984517446902302,45744,jordan_composite_yahoo
60,0.07862971883168347,45744,jordan_composite_yahoo
3,-0.6811322454385915,45928,leg_smallcap_largecap_yahoo
6,-0.6812250991888563,45917,leg_smallcap_largecap_yahoo
9,-0.6812968652592416,45905,leg_smallcap_largecap_yahoo
12,-0.6813859286152869,45893,leg_smallcap_largecap_yahoo
15,-0.6815005711904549,45881,leg_smallcap_largecap_yahoo
18,-0.6815748413356988,45869,leg_smallcap_largecap_yahoo
21,-0.6816727059603405,45857,leg_smallcap_largecap_yahoo
24,-0.6818130375864654,45845,leg_smallcap_largecap_yahoo
27,-0.6823023434119572,45836,leg_smallcap_largecap_yahoo
30,-0.6827782806225164,45825,leg_smallcap_largecap_yahoo
33,-0.683235397422059,45813,leg_smallcap_largecap_yahoo
36,-0.683714344235507,45801,leg_smallcap_largecap_yahoo
39,-0.6842082935160777,45789,leg_smallcap_largecap_yahoo
42,-0.6847449884283975,45777,leg_smallcap_largecap_yahoo
45,-0.6852241251617597,45765,leg_smallcap_largecap_yahoo
48,-0.6855398341743939,45753,leg_smallcap_largecap_yahoo
51,-0.6862130946311535,45744,leg_smallcap_largecap_yahoo
54,-0.687065326667569,45744,leg_smallcap_largecap_yahoo
57,-0.687919720606192,45744,leg_smallcap_largecap_yahoo
60,-0.6887699224570052,45744,leg_smallcap_largecap_yahoo
3,0.6809967034631081,45928,leg_discretionary_staples_yahoo
6,0.6813142507734233,45917,leg_discretionary_staples_yahoo
9,0.6815072750299337,45905,leg_discretionary_staples_yahoo
12,0.6816048464980157,45893,leg_discretionary_staples_yahoo
15,0.6814840553196594,45881,leg_discretionary_staples_yahoo
18,0.6808315406766601,45869,leg_discretionary_staples_yahoo
21,0.6798110102969939,45857,leg_discretionary_staples_yahoo
24,0.679021322385914,45845,leg_discretionary_staples_yahoo
27,0.6777840066410866,45836,leg_discretionary_staples_yahoo
30,0.6765621969477874,45825,leg_discretionary_staples_yahoo
33,0.675358094458025,45813,leg_discretionary_staples_yahoo
36,0.6741363766753676,45801,leg_discretionary_staples_yahoo
39,0.6728775182606056,45789,leg_discretionary_staples_yahoo
42,0.6716774837653179,45777,leg_discretionary_staples_yahoo
45,0.6705363983253354,45765,leg_discretionary_staples_yahoo
48,0.6700200794748234,45753,leg_discretionary_staples_yahoo
51,0.669242123494849,45744,leg_discretionary_staples_yahoo
54,0.6684434650390648,45744,leg_discretionary_staples_yahoo
57,0.6676459275353807,45744,leg_discretionary_staples_yahoo
60,0.6668869542337682,45744,leg_discretionary_staples_yahoo
3,0.564007506575825,45928,leg_hy_ig_credit_yahoo
6,0.5643997247026332,45917,leg_hy_ig_credit_yahoo
9,0.5647035416662779,45905,leg_hy_ig_credit_yahoo
12,0.5648921012046183,45893,leg_hy_ig_credit_yahoo
15,0.5649824898157106,45881,leg_hy_ig_credit_yahoo
18,0.5648518459802135,45869,leg_hy_ig_credit_yahoo
21,0.564486348045518,45857,leg_hy_ig_credit_yahoo
24,0.5643494983436634,45845,leg_hy_ig_credit_yahoo
27,0.5642184060517882,45836,leg_hy_ig_credit_yahoo
30,0.5640927361551478,45825,leg_hy_ig_credit_yahoo
33,0.5639497589490103,45813,leg_hy_ig_credit_yahoo
36,0.5637732655017988,45801,leg_hy_ig_credit_yahoo
39,0.5635245497378445,45789,leg_hy_ig_credit_yahoo
42,0.5632949028388229,45777,leg_hy_ig_credit_yahoo
45,0.5630199225131374,45765,leg_hy_ig_credit_yahoo
48,0.5628258913866233,45753,leg_hy_ig_credit_yahoo
51,0.5625718530899803,45744,leg_hy_ig_credit_yahoo
54,0.5623850979784303,45744,leg_hy_ig_credit_yahoo
57,0.5621963305142371,45744,leg_hy_ig_credit_yahoo
60,0.5620262684769706,45744,leg_hy_ig_credit_yahoo
3,-0.68010701887142,45928,smallcap_largecap_oanda
6,-0.6804962798626566,45917,smallcap_largecap_oanda
9,-0.6811500146200352,45905,smallcap_largecap_oanda
12,-0.6817757730071171,45893,smallcap_largecap_oanda
15,-0.6821159787774002,45881,smallcap_largecap_oanda
18,-0.6824384346300405,45869,smallcap_largecap_oanda
21,-0.6828210822244883,45857,smallcap_largecap_oanda
24,-0.6831934550063471,45845,smallcap_largecap_oanda
27,-0.683668601891816,45836,smallcap_largecap_oanda
30,-0.6842140642588205,45825,smallcap_largecap_oanda
33,-0.6847629902637397,45813,smallcap_largecap_oanda
36,-0.6853309703714364,45801,smallcap_largecap_oanda
39,-0.6857430669227218,45789,smallcap_largecap_oanda
42,-0.6862518543222654,45777,smallcap_largecap_oanda
45,-0.6868033108922434,45765,smallcap_largecap_oanda
48,-0.6873111918673518,45753,smallcap_largecap_oanda
51,-0.6878111379722479,45744,smallcap_largecap_oanda
54,-0.6884595176906587,45744,smallcap_largecap_oanda
57,-0.6888802033705704,45744,smallcap_largecap_oanda
60,-0.6891093563442512,45744,smallcap_largecap_oanda
3,-0.8216684829567805,45928,hy_oas
6,-0.8215439739843683,45917,hy_oas
9,-0.8213065651051111,45905,hy_oas
12,-0.8209506840729572,45893,hy_oas
15,-0.8203962523211332,45881,hy_oas
18,-0.81956272210228,45869,hy_oas
21,-0.818579107606538,45857,hy_oas
24,-0.8177760680428855,45845,hy_oas
27,-0.8166384005809822,45836,hy_oas
30,-0.8154722266402499,45825,hy_oas
33,-0.8143161951879992,45813,hy_oas
36,-0.8131052841492313,45801,hy_oas
39,-0.8118173033927729,45789,hy_oas
42,-0.8105276395909023,45777,hy_oas
45,-0.8092035315433614,45765,hy_oas
48,-0.8084363000489787,45753,hy_oas
51,-0.8072742543619787,45744,hy_oas
54,-0.8061743527690293,45744,hy_oas
57,-0.8050832559212735,45744,hy_oas
60,-0.8040224660750248,45744,hy_oas
3,-0.886184889745603,45928,ig_oas
6,-0.8857565198525302,45917,ig_oas
9,-0.8852940694152314,45905,ig_oas
12,-0.8847840760765332,45893,ig_oas
15,-0.8841816540449315,45881,ig_oas
18,-0.8834820310745618,45869,ig_oas
21,-0.8827870692439929,45857,ig_oas
24,-0.8823572471680279,45845,ig_oas
27,-0.8817731818052561,45836,ig_oas
30,-0.8811384183463832,45825,ig_oas
33,-0.8804880472511746,45813,ig_oas
36,-0.8798096728286429,45801,ig_oas
39,-0.879104574629622,45789,ig_oas
42,-0.8783515393650976,45777,ig_oas
45,-0.8775708797590983,45765,ig_oas
48,-0.8771638043335204,45753,ig_oas
51,-0.8766001773406094,45744,ig_oas
54,-0.8761285710115709,45744,ig_oas
57,-0.8756721730851632,45744,ig_oas
60,-0.8752332686059247,45744,ig_oas
3,-0.7727480297677385,45928,hy_ig_oas_diff
6,-0.7727843142370829,45917,hy_ig_oas_diff
9,-0.7726793228348878,45905,hy_ig_oas_diff
12,-0.7724279324070147,45893,hy_ig_oas_diff
15,-0.7719373983465745,45881,hy_ig_oas_diff
18,-0.7710987676101144,45869,hy_ig_oas_diff
21,-0.770047981882775,45857,hy_ig_oas_diff
24,-0.7690948607503144,45845,hy_ig_oas_diff
27,-0.7677130360927341,45836,hy_ig_oas_diff
30,-0.7663189755864153,45825,hy_ig_oas_diff
33,-0.7649489485387748,45813,hy_ig_oas_diff
36,-0.7635141715488707,45801,hy_ig_oas_diff
39,-0.7619826599960424,45789,hy_ig_oas_diff
42,-0.7604677821325634,45777,hy_ig_oas_diff
45,-0.758915527596397,45765,hy_ig_oas_diff
48,-0.7579768709994968,45753,hy_ig_oas_diff
51,-0.7565044332386995,45744,hy_ig_oas_diff
54,-0.7550546161244959,45744,hy_ig_oas_diff
57,-0.7536120641384554,45744,hy_ig_oas_diff
60,-0.7522061391669966,45744,hy_ig_oas_diff
3,0.7093720746280308,45928,usb02y
6,0.7093279564931884,45917,usb02y
9,0.7092205583441265,45905,usb02y
12,0.7091603734730345,45893,usb02y
15,0.7090170816891025,45881,usb02y
18,0.7088279699506946,45869,usb02y
21,0.7086276879782011,45857,usb02y
24,0.7083298608168517,45845,usb02y
27,0.7080138429496527,45836,usb02y
30,0.7077311886719542,45825,usb02y
33,0.7074749410926676,45813,usb02y
36,0.7072064516827188,45801,usb02y
39,0.7069947984646145,45789,usb02y
42,0.7065863976747797,45777,usb02y
45,0.7062746109319439,45765,usb02y
48,0.7059162837349322,45753,usb02y
51,0.7055535123412949,45744,usb02y
54,0.7052391690636243,45744,usb02y
57,0.70512207363752,45744,usb02y
60,0.7052160264072335,45744,usb02y
3,0.36359499674290635,45928,usb10y
6,0.3633118571944264,45917,usb10y
9,0.36286310336399963,45905,usb10y
12,0.3625428021146487,45893,usb10y
15,0.3619113344550862,45881,usb10y
18,0.36125746243414036,45869,usb10y
21,0.3605302818732245,45857,usb10y
24,0.3599318987967533,45845,usb10y
27,0.35909475409925173,45836,usb10y
30,0.35842908128835116,45825,usb10y
33,0.35796590475734935,45813,usb10y
36,0.35780918816802476,45801,usb10y
39,0.357715085401033,45789,usb10y
42,0.35764038775288737,45777,usb10y
45,0.3576807894347223,45765,usb10y
48,0.35780673379636113,45753,usb10y
51,0.3576200469896902,45744,usb10y
54,0.35733499435475924,45744,usb10y
57,0.35710602406640174,45744,usb10y
60,0.35737185116729203,45744,usb10y
3,0.7496945804423303,45928,slope_2s10s
6,0.7496389755844253,45917,slope_2s10s
9,0.7495906056518501,45905,slope_2s10s
12,0.7495534802867025,45893,slope_2s10s
15,0.7495328783452125,45881,slope_2s10s
18,0.7495730647692436,45869,slope_2s10s
21,0.7496405515660033,45857,slope_2s10s
24,0.7497258047100488,45845,slope_2s10s
27,0.7500206605637245,45836,slope_2s10s
30,0.7502809652265094,45825,slope_2s10s
33,0.750499903682345,45813,slope_2s10s
36,0.7507222491190505,45801,slope_2s10s
39,0.7509258408537351,45789,slope_2s10s
42,0.7510838650589146,45777,slope_2s10s
45,0.7512116849405511,45765,slope_2s10s
48,0.7509962247303463,45753,slope_2s10s
51,0.7507764948453105,45744,slope_2s10s
54,0.7507441907157155,45744,slope_2s10s
57,0.7507096362489767,45744,slope_2s10s
60,0.7506669070283544,45744,slope_2s10s
3,-0.1751511209179245,45928,real10
6,-0.17491346953195877,45917,real10
9,-0.17470272344988955,45905,real10
12,-0.1745159800000468,45893,real10
15,-0.17421577776926953,45881,real10
18,-0.17381450058805245,45869,real10
21,-0.17351685905674621,45857,real10
24,-0.1728689758203166,45845,real10
27,-0.17178947119486201,45836,real10
30,-0.17071954614854215,45825,real10
33,-0.16966039404616348,45813,real10
36,-0.16861917150926306,45801,real10
39,-0.16763320875757098,45789,real10
42,-0.16671155496091208,45777,real10
45,-0.1658169587515343,45765,real10
48,-0.16534295305094937,45753,real10
51,-0.16456407686587485,45744,real10
54,-0.16368510590508287,45744,real10
57,-0.16282287480861507,45744,real10
60,-0.1619380063916158,45744,real10
3,0.12874669610026698,45928,be10
6,0.12813708774508747,45917,be10
9,0.12743207213963945,45905,be10
12,0.12663593655166747,45893,be10
15,0.1257717412680548,45881,be10
18,0.12452286084682729,45869,be10
21,0.12334859866620555,45857,be10
24,0.12291060938542639,45845,be10
27,0.12211605708500788,45836,be10
30,0.12136475711323245,45825,be10
33,0.12063349596683229,45813,be10
36,0.11987692215392363,45801,be10
39,0.11909667457869391,45789,be10
42,0.11845399587707664,45777,be10
45,0.1178144467332058,45765,be10
48,0.11715569308777418,45753,be10
51,0.11582600681601973,45744,be10
54,0.1144686737585314,45744,be10
57,0.11316029598141239,45744,be10
60,0.11185347674417435,45744,be10
3,-0.3593929998001173,45928,fwd5y5y
6,-0.3594816180489215,45917,fwd5y5y
9,-0.35961031343290084,45905,fwd5y5y
12,-0.35978192495546096,45893,fwd5y5y
15,-0.35996175212538045,45881,fwd5y5y
18,-0.36043686751722775,45869,fwd5y5y
21,-0.3607207279520289,45857,fwd5y5y
24,-0.36065653288161476,45845,fwd5y5y
27,-0.360848763975932,45836,fwd5y5y
30,-0.36099405280082575,45825,fwd5y5y
33,-0.3611068019975371,45813,fwd5y5y
36,-0.361283401063583,45801,fwd5y5y
39,-0.36150120285271575,45789,fwd5y5y
42,-0.36163790064363655,45777,fwd5y5y
45,-0.3617476328625704,45765,fwd5y5y
48,-0.3614554706019004,45753,fwd5y5y
51,-0.36159630581355995,45744,fwd5y5y
54,-0.36189625931397723,45744,fwd5y5y
57,-0.3621700277278954,45744,fwd5y5y
60,-0.3624466599703393,45744,fwd5y5y
3,-0.15600132850054554,45928,usd_basket
6,-0.1563103380027085,45917,usd_basket
9,-0.1566008783026665,45905,usd_basket
12,-0.15668261793259733,45893,usd_basket
15,-0.15663831882281792,45881,usd_basket
18,-0.15666604833623268,45869,usd_basket
21,-0.15658810545998222,45857,usd_basket
24,-0.15633056187912808,45845,usd_basket
27,-0.15625418631215915,45836,usd_basket
30,-0.15629775320593822,45825,usd_basket
33,-0.15628729736644725,45813,usd_basket
36,-0.15607680445236105,45801,usd_basket
39,-0.15593540940421122,45789,usd_basket
42,-0.1556750228710408,45777,usd_basket
45,-0.15523929671650302,45765,usd_basket
48,-0.15468197789116964,45753,usd_basket
51,-0.15422067270007672,45744,usd_basket
54,-0.15362968070985808,45744,usd_basket
57,-0.15333127013936698,45744,usd_basket
60,-0.15300545002088067,45744,usd_basket
3,0.8451722799475949,45928,gold
6,0.8450248739572984,45917,gold
9,0.844908559183551,45905,gold
12,0.8448257880566226,45893,gold
15,0.8447554197111946,45881,gold
18,0.8446803634427557,45869,gold
21,0.8445715150667141,45857,gold
24,0.8445004568829932,45845,gold
27,0.8444222707460554,45836,gold
30,0.8443023755906284,45825,gold
33,0.8441404866645343,45813,gold
36,0.8439632224124098,45801,gold
39,0.8438249776870909,45789,gold
42,0.8437014971038626,45777,gold
45,0.8435593983754837,45765,gold
48,0.8434289356460529,45753,gold
51,0.8433022248821138,45744,gold
54,0.8432860126673057,45744,gold
57,0.8432491630108812,45744,gold
60,0.8431918884249828,45744,gold
3,-0.6382526165757902,45928,oil
6,-0.639024387142822,45917,oil
9,-0.6398828562897108,45905,oil
12,-0.6407650380002202,45893,oil
15,-0.6416341692935853,45881,oil
18,-0.6427275377196963,45869,oil
21,-0.6437473571699148,45857,oil
24,-0.6447629401001963,45845,oil
27,-0.645916222745355,45836,oil
30,-0.647011715485984,45825,oil
33,-0.6474936239407266,45813,oil
36,-0.6480333517576639,45801,oil
39,-0.6485251805252569,45789,oil
42,-0.6491262687506395,45777,oil
45,-0.6497017784122651,45765,oil
48,-0.6501677373315811,45753,oil
51,-0.6507329621440545,45744,oil
54,-0.6514180493279615,45744,oil
57,-0.6517399211609505,45744,oil
60,-0.6520206723347032,45744,oil
3,-0.6836801174796691,45928,copper_gold_ratio_yahoo
6,-0.6833643619793077,45917,copper_gold_ratio_yahoo
9,-0.6830646849774835,45905,copper_gold_ratio_yahoo
12,-0.6828044866430746,45893,copper_gold_ratio_yahoo
15,-0.6825703723476189,45881,copper_gold_ratio_yahoo
18,-0.6824571941381237,45869,copper_gold_ratio_yahoo
21,-0.6824065607343379,45857,copper_gold_ratio_yahoo
24,-0.6821494521164465,45845,copper_gold_ratio_yahoo
27,-0.6819196090652343,45836,copper_gold_ratio_yahoo
30,-0.6816799432441267,45825,copper_gold_ratio_yahoo
33,-0.6814518413605328,45813,copper_gold_ratio_yahoo
36,-0.6812558197212395,45801,copper_gold_ratio_yahoo
39,-0.6811241230909862,45789,copper_gold_ratio_yahoo
42,-0.6810122849216326,45777,copper_gold_ratio_yahoo
45,-0.6808337752818903,45765,copper_gold_ratio_yahoo
48,-0.6809429593958812,45753,copper_gold_ratio_yahoo
51,-0.6811889949677051,45744,copper_gold_ratio_yahoo
54,-0.681536710647908,45744,copper_gold_ratio_yahoo
57,-0.6818730657796189,45744,copper_gold_ratio_yahoo
60,-0.6822259190866964,45744,copper_gold_ratio_yahoo
3,0.07356557269821741,45928,vix
6,0.07173340208025374,45917,vix
9,0.07022516873221088,45905,vix
12,0.0689399431585098,45893,vix
15,0.06807063927202114,45881,vix
18,0.06827686297411054,45869,vix
21,0.06976799154062725,45857,vix
24,0.07018998162025972,45845,vix
27,0.07098022322637396,45836,vix
30,0.07169703587147427,45825,vix
33,0.07233241681608268,45813,vix
36,0.07304003104755967,45801,vix
39,0.07373157942556142,45789,vix
42,0.07410250372591559,45777,vix
45,0.07421484871171558,45765,vix
48,0.0738295229218505,45753,vix
51,0.07343112122821513,45744,vix
54,0.07327642977626271,45744,vix
57,0.07313581427323733,45744,vix
60,0.07297448706609926,45744,vix
3,-0.8887170453067519,45928,nfci
6,-0.8884034753117619,45917,nfci
9,-0.8880893788738549,45905,nfci
12,-0.8877657762337312,45893,nfci
15,-0.887424903755992,45881,nfci
18,-0.8870724967091571,45869,nfci
21,-0.886712241374518,45857,nfci
24,-0.8867146095465672,45845,nfci
27,-0.8866756287288496,45836,nfci
30,-0.8866307660811922,45825,nfci
33,-0.8865830792963266,45813,nfci
36,-0.886534142234747,45801,nfci
39,-0.8864852584152128,45789,nfci
42,-0.8864359199876152,45777,nfci
45,-0.88638331047261,45765,nfci
48,-0.8863361222770735,45753,nfci
51,-0.88629320643411,45744,nfci
54,-0.8862777234802923,45744,nfci
57,-0.8862620390898508,45744,nfci
60,-0.8862461461601349,45744,nfci
3,0.8816972419601348,45928,dax
6,0.8812205368864379,45917,dax
9,0.8807212758772521,45905,dax
12,0.8802857252658571,45893,dax
15,0.8799396891934458,45881,dax
18,0.8796043124158787,45869,dax
21,0.8792573695939991,45857,dax
24,0.8789853507946696,45845,dax
27,0.8787282642000183,45836,dax
30,0.878467001020622,45825,dax
33,0.8782148768651887,45813,dax
36,0.878017653549936,45801,dax
39,0.877876676807749,45789,dax
42,0.8778252165600087,45777,dax
45,0.8777624842501861,45765,dax
48,0.877764000917711,45753,dax
51,0.8777389667943003,45744,dax
54,0.8776872002749461,45744,dax
57,0.8775780601538562,45744,dax
60,0.8774272242980695,45744,dax
3,0.8891052885631627,45928,ftse
6,0.8884055207991933,45917,ftse
9,0.8876709247908133,45905,ftse
12,0.8870230907132104,45893,ftse
15,0.886386177116851,45881,ftse
18,0.8858054805789212,45869,ftse
21,0.8852280100759679,45857,ftse
24,0.8847116557963641,45845,ftse
27,0.884306966259679,45836,ftse
30,0.8840377692926723,45825,ftse
33,0.8837728217541632,45813,ftse
36,0.8834804834825796,45801,ftse
39,0.883099147039768,45789,ftse
42,0.882803102905345,45777,ftse
45,0.8824793256077205,45765,ftse
48,0.8821810804559784,45753,ftse
51,0.8818910070294318,45744,ftse
54,0.8818007224699432,45744,ftse
57,0.8816976237801231,45744,ftse
60,0.8815397464913238,45744,ftse
3,0.84690527177994,45928,nikkei
6,0.8461757869670372,45917,nikkei
9,0.8453728843423786,45905,nikkei
12,0.8443062654235824,45893,nikkei
15,0.8432298218443293,45881,nikkei
18,0.8420587785328126,45869,nikkei
21,0.8412008640640195,45857,nikkei
24,0.8403642723599138,45845,nikkei
27,0.8395583797329722,45836,nikkei
30,0.838910672762352,45825,nikkei
33,0.838277827061579,45813,nikkei
36,0.8374685022469598,45801,nikkei
39,0.8366402917015162,45789,nikkei
42,0.8357246022960914,45777,nikkei
45,0.8348492533003227,45765,nikkei
48,0.8338948805155333,45753,nikkei
51,0.8328937343369885,45744,nikkei
54,0.8322234461150498,45744,nikkei
57,0.8316481751809188,45744,nikkei
60,0.8309940387979776,45744,nikkei
3,0.7180919262463938,45928,hangseng
6,0.7174011234350999,45917,hangseng
9,0.716702984518255,45905,hangseng
12,0.7160753524275638,45893,hangseng
15,0.7154040445372102,45881,hangseng
18,0.7147545454298908,45869,hangseng
21,0.7142141231471573,45857,hangseng
24,0.713484875293946,45845,hangseng
27,0.7127583377739112,45836,hangseng
30,0.7121154572611611,45825,hangseng
33,0.7113779061398081,45813,hangseng
36,0.7106939981947615,45801,hangseng
39,0.7100050273866488,45789,hangseng
42,0.7092805644183486,45777,hangseng
45,0.708769134256632,45765,hangseng
48,0.7081045626770801,45753,hangseng
51,0.7074225125800124,45744,hangseng
54,0.7066706920141597,45744,hangseng
57,0.7058920201743252,45744,hangseng
60,0.7051185280190926,45744,hangseng
