Year,Month,Date,IFO_Level,DAX_Price,DAX_Return,IFO_Previous,IFO_Direction,Position,Strategy_Return,Cum_Strategy,Cum_BuyHold
2006,2,2006-02-01,102.3,5796.04,2.1481631610021035,101.5,0.7999999999999972,1,2.1481631610021035,0.021481631610021035,0.021481631610021035
2006,3,2006-03-01,102.1,5970.08,3.0027398016576834,102.3,-0.20000000000000284,-1,-3.0027398016576834,-0.009190803908955325,0.052154067128997506
2006,4,2006-04-01,101.8,6009.89,0.6668252351727411,102.1,-0.29999999999999716,-1,-0.6668252351727411,-0.015797769660902627,0.059170095961510016
2006,5,2006-05-01,100.8,5692.86,-5.275138147287228,101.8,-1.0,-1,5.275138147287228,0.03612025763816673,0.0032974101847855763
2006,6,2006-06-01,101.4,5683.31,-0.16775399359898469,100.8,0.6000000000000085,1,-0.16775399359898469,0.034382124527490676,0.0016143387115254981
2006,7,2006-07-01,100.2,5681.97,-0.02357780941036891,101.4,-1.2000000000000028,-1,0.02357780941036891,0.03462600917338676,0.0013781799917171877
2006,8,2006-08-01,100.1,5859.57,3.1256764819243887,100.2,-0.10000000000000853,-1,-3.1256764819243887,0.00228694732878143,0.032678022258840755
2006,9,2006-09-01,100.1,6004.33,2.4704884488111034,100.1,0.0,-1,-2.4704884488111034,-0.022474435928917513,0.058190213512156364
2006,10,2006-10-01,100.0,6268.92,4.406653198608335,100.1,-0.09999999999999432,-1,-4.406653198608335,-0.06555059746527003,0.1048209864032501
2006,11,2006-11-01,101.6,6309.19,0.6423754011855243,100.0,1.5999999999999943,1,0.6423754011855243,-0.05954792436686185,0.11191808464703978
2006,12,2006-12-01,102.3,6596.92,4.560490332356459,101.6,0.7000000000000028,1,4.560490332356459,-0.016658698377166936,0.1626270014010911
2007,1,2007-01-01,102.9,6789.11,2.913329250619978,102.3,0.6000000000000085,1,2.913329250619978,0.01198927139643824,0.1964981539085151
2007,2,2007-02-01,101.3,6715.44,-1.0851201409315836,102.9,-1.6000000000000085,-1,1.0851201409315836,0.02297057080442788,0.1835147114545792
2007,3,2007-03-01,101.6,6917.03,3.0018881860309987,101.3,0.29999999999999716,1,3.0018881860309987,0.053679003515979984,0.21904249975767298
2007,4,2007-04-01,101.3,7408.87,7.1105662401348635,101.6,-0.29999999999999716,-1,-7.1105662401348635,-0.021243539987416682,0.30572332419833814
2007,5,2007-05-01,101.8,7883.04,6.400031313817078,101.3,0.5,1,6.400031313817078,0.04139717993939618,0.389290025818845
2007,6,2007-06-01,100.9,8007.32,1.5765491485518313,101.8,-0.8999999999999915,-1,-1.5765491485518313,0.024979041566018934,0.4111928658918076
2007,7,2007-07-01,101.1,7584.14,-5.28491430341237,100.9,0.19999999999998863,1,-5.28491430341237,-0.02919022240868263,0.3366125322735565
2007,8,2007-08-01,100.6,7638.17,0.712407735089271,101.1,-0.5,-1,-0.712407735089271,-0.03610634635724608,0.3461346633416458
2007,9,2007-09-01,99.7,7861.51,2.9239988112335746,100.6,-0.8999999999999915,-1,-2.9239988112335746,-0.06429058533131604,0.3854956248953585
2007,10,2007-10-01,100.0,8019.22,2.006103153211014,99.7,0.29999999999999716,1,2.006103153211014,-0.04551928925875526,0.41329009631398494
2007,11,2007-11-01,98.7,7870.52,-1.8542950561276528,100.0,-1.2999999999999972,-1,1.8542950561276528,-0.027820400627788344,0.387083527929293
2007,12,2007-12-01,99.8,8067.32,2.5004701087094627,98.7,1.0999999999999943,1,2.5004701087094627,-0.0035113403425147682,0.4217671369279976
2008,1,2008-01-01,97.6,6851.75,-15.067829217137785,99.8,-2.200000000000003,-1,15.067829217137785,0.1466378690628205,0.20753769287029744
2008,2,2008-02-01,97.5,6748.13,-1.512314372240664,97.6,-0.09999999999999432,-1,1.512314372240664,0.16397863835421167,0.18927592679079663
2008,3,2008-03-01,97.3,6534.97,-3.1588010308040926,97.5,-0.20000000000000284,-1,3.1588010308040926,0.2007464075808838,0.15170906655622396
2008,4,2008-04-01,95.7,6948.82,6.332852331380234,97.3,-1.5999999999999943,-1,-6.332852331380234,0.12470491071443335,0.22464510102834723
2008,5,2008-05-01,95.6,7096.79,2.1294262910825257,95.7,-0.10000000000000853,-1,-2.1294262910825257,0.10075514864858404,0.250723015782099
2008,6,2008-06-01,94.3,6418.32,-9.560237797652182,95.6,-1.2999999999999972,-1,9.560237797652182,0.20598995842928836,0.13115092128336348
2008,7,2008-07-01,91.1,6479.56,0.9541437634770666,94.3,-3.200000000000003,-1,-0.9541437634770666,0.19448308045277574,0.14194372725430204
2008,8,2008-08-01,89.7,6422.3,-0.8837019797640622,91.1,-1.3999999999999915,-1,0.8837019797640622,0.20503875108268366,0.13185234792876432
2008,9,2008-09-01,90.1,5831.02,-9.206670507450598,89.7,0.3999999999999915,1,-9.206670507450598,0.09409480378340329,0.027646431624119616
2008,10,2008-10-01,83.8,4987.97,-14.458019351674324,90.1,-6.299999999999997,-1,14.458019351674324,0.25227924224007103,-0.12093088832688625
2008,11,2008-11-01,81.5,4669.44,-6.385964630901963,83.8,-2.299999999999997,-1,6.385964630901963,0.332249351729649,-0.17706793087951533
2008,12,2008-12-01,79.3,4810.2,3.014494243421062,81.5,-2.200000000000003,-1,-3.014494243421062,0.29208877171374437,-0.1522606910286125
2009,1,2009-01-01,81.3,4338.35,-9.80936343603176,79.3,2.0,1,-9.80936343603176,0.1653430881801845,-0.23541852083572012
2009,2,2009-02-01,82.7,3843.74,-11.400878214067578,81.3,1.4000000000000057,1,-11.400878214067578,0.032483741920707576,-0.3225875241225562
2009,3,2009-03-01,82.0,4084.76,6.270455337769998,82.7,-0.7000000000000028,-1,-6.270455337769998,-0.03225768998616685,-0.28011067737017914
2009,4,2009-04-01,84.8,4769.45,16.76206190816596,82.0,2.799999999999997,1,16.76206190816596,0.12995587512986728,-0.15944238344069195
2009,5,2009-05-01,86.6,4940.82,3.593076769858161,84.8,1.7999999999999972,1,3.593076769858161,0.17055605718880607,-0.12924050298282597
2009,6,2009-06-01,90.1,4808.64,-2.675264429790991,86.6,3.5,1,-2.675264429790991,0.13924058736006995,-0.15253562207555338
2009,7,2009-07-01,92.1,5332.14,10.886654022759036,90.1,2.0,1,10.886654022759036,0.2632657685928086,-0.060275107284791796
2009,8,2009-08-01,95.5,5458.04,2.361153308052666,92.1,3.4000000000000057,1,2.361153308052666,0.2930934100774347,-0.038086761893852294
2009,9,2009-09-01,98.2,5675.16,3.977984771089993,95.5,2.700000000000003,1,3.977984771089993,0.3445324690062834,0.0001780002291089655
2009,10,2009-10-01,98.1,5414.96,-4.584892760732739,98.2,-0.10000000000000853,-1,4.584892760732739,0.40617784084345354,-0.04567908849783697
2009,11,2009-11-01,99.5,5625.95,3.8964276744426485,98.1,1.4000000000000057,1,3.8964276744426485,0.46096854338595805,-0.008494664399073315
2009,12,2009-12-01,98.7,5957.43,5.891982687368369,99.5,-0.7999999999999972,-1,-5.891982687368369,0.37488852974175946,0.04992465831886683
2010,1,2010-01-01,98.0,5608.79,-5.852187940101694,98.7,-0.7000000000000028,-1,5.852187940101694,0.45534959046914825,-0.011518905915423816
2010,2,2010-02-01,97.4,5598.46,-0.18417519643274538,98.0,-0.5999999999999943,-1,0.18417519643274538,0.45802998343617785,-0.013339442912154609
2010,3,2010-03-01,99.6,6153.55,9.9150480667898,97.4,2.1999999999999886,1,9.9150480667898,0.6025943571220822,0.08448842557916136
2010,4,2010-04-01,101.1,6135.7,-0.2900764599296446,99.6,1.5,1,-0.2900764599296446,0.5979456081439103,0.08134257994589467
2010,5,2010-05-01,100.4,5964.33,-2.792998353896048,101.1,-0.6999999999999886,-1,2.792998353896048,0.6425762026755237,0.051140699488028796
2010,6,2010-06-01,100.3,5965.52,0.019951947662200098,100.4,-0.10000000000000853,-1,-0.019951947662200098,0.6422484767312542,0.0513504225302468
2010,7,2010-07-01,102.2,6147.97,3.0584089903310963,100.3,1.9000000000000057,1,3.0584089903310963,0.6924751517871783,0.08350501837279589
2010,8,2010-08-01,103.7,5925.22,-3.6231471526373737,102.2,1.5,1,-3.6231471526373737,0.6311542865161062,0.044248037150938835
2010,9,2010-09-01,103.5,6229.02,5.127235781962525,103.7,-0.20000000000000284,-1,-5.127235781962525,0.5475211602788368,0.09778909616418319
2010,10,2010-10-01,104.8,6601.37,5.977665828653622,103.5,1.2999999999999972,1,5.977665828653622,0.6400268038680088,0.1634112598362749
2010,11,2010-11-01,106.1,6688.49,1.3197260568639457,104.8,1.2999999999999972,1,1.3197260568639457,0.6616706649382078,0.17876510138082335
2010,12,2010-12-01,105.6,6914.19,3.374453725728821,106.1,-0.5,-1,-3.374453725728821,0.6055983572758576,0.2185419842619596
2011,1,2011-01-01,103.6,7077.48,2.3616649238739518,105.6,-2.0,-1,-2.3616649238739518,0.5676795040537774,0.24731986288695196
2011,2,2011-02-01,103.1,7272.32,2.752957267275935,103.6,-0.5,-1,-2.752957267275935,0.5245219572193336,0.2816580456984745
2011,3,2011-03-01,102.4,7041.31,-3.1765653876617006,103.1,-0.6999999999999886,-1,3.1765653876617006,0.5729493940396655,0.24094533983063537
2011,4,2011-04-01,101.7,7514.46,6.719630296067058,102.4,-0.7000000000000028,-1,-6.719630296067058,0.46725301001597286,0.324332278843527
2011,5,2011-05-01,101.5,7293.69,-2.9379356600474305,101.7,-0.20000000000000284,-1,2.9379356600474305,0.5103599594203514,0.28542424856586424
2011,6,2011-06-01,101.3,7376.24,1.1318002273197791,101.5,-0.20000000000000284,-1,-1.1318002273197791,0.49326570196628494,0.29997268313315617
2011,7,2011-07-01,101.3,7158.77,-2.948250056939572,101.3,0.0,-1,2.948250056939572,0.537290908874765,0.26164623776248397
2011,8,2011-08-01,97.1,5784.85,-19.192123786628144,101.3,-4.200000000000003,-1,19.192123786628144,0.8323296830665909,0.01950953006177114
2011,9,2011-09-01,95.8,5502.02,-4.889150107608664,97.1,-1.2999999999999972,-1,4.889150107608664,0.9219150317379867,-0.030335821224324544
2011,10,2011-10-01,95.6,6141.34,11.619732389195224,95.8,-0.20000000000000284,-1,-11.619732389195224,0.6985936483023163,0.08233656142329648
2011,11,2011-11-01,95.5,6088.84,-0.8548622938967743,95.6,-0.09999999999999432,-1,0.8548622938967743,0.7131142849281784,0.07308407426662988
2011,12,2011-12-01,95.4,5898.35,-3.1285105208873953,95.5,-0.09999999999999432,-1,3.1285105208873953,0.7667092455669815,0.03951252610523115
2012,1,2012-01-01,96.8,6458.91,9.503674756499692,95.4,1.3999999999999915,1,9.503674756499692,0.9346115461586768,0.13830441563934626
2012,2,2012-02-01,97.9,6856.08,6.149179969994933,96.8,1.1000000000000085,1,6.149179969994933,1.0535742918522755,0.2083008027634088
2012,3,2012-03-01,98.7,6946.83,1.3236426646130228,97.9,0.7999999999999972,1,1.3236426646130228,1.080756277328757,0.2242943877056469
2012,4,2012-04-01,98.6,6761.19,-2.672298012186858,98.7,-0.10000000000000853,-1,2.672298012186858,1.1363602859662665,0.1915775931196737
2012,5,2012-05-01,96.9,6264.38,-7.347966851989063,98.6,-1.6999999999999886,-1,7.347966851989063,1.2933393316181263,0.104020866561511
2012,6,2012-06-01,94.8,6416.28,2.4248209719078373,96.9,-2.1000000000000085,-1,-2.4248209719078373,1.237729958548039,0.13079139606813306
2012,7,2012-07-01,93.7,6772.26,5.54807458527371,94.8,-1.0999999999999943,-1,-5.54807458527371,1.1135790314307794,0.1935285461258509
2012,8,2012-08-01,92.8,6970.79,2.9315176912876995,93.7,-0.9000000000000057,-1,-2.9315176912876995,1.051619088205039,0.22851704660609906
2012,9,2012-09-01,93.4,7216.15,3.5198306074347263,92.8,0.6000000000000085,1,3.5198306074347263,1.1238326048196532,0.2717587656300937
2012,10,2012-10-01,93.7,7260.63,0.6163951691691594,93.4,0.29999999999999716,1,0.6163951691691594,1.136923806397001,0.27959782522492294
2012,11,2012-11-01,92.9,7405.5,1.9952814012007103,93.7,-0.7999999999999972,-1,-1.9952814012007103,1.0942861631301315,0.30512940264180455
2012,12,2012-12-01,95.2,7612.39,2.7937343866045516,92.9,2.299999999999997,1,2.7937343866045516,1.1527949558233992,0.3415912515530952
2013,1,2013-01-01,96.2,7776.05,2.149916123582729,95.2,1.0,1,2.149916123582729,1.1990782416863222,0.3704343381828106
2013,2,2013-02-01,99.3,7741.7,-0.44174098674777396,96.2,3.0999999999999943,1,-0.44174098674777396,1.1893640117621413,0.3643805680145915
2013,3,2013-03-01,98.8,7795.31,0.6924835630417236,99.3,-0.5,-1,-0.6924835630417236,1.1742030258455376,0.37382867918542795
2013,4,2013-04-01,97.9,7913.71,1.5188619823971017,98.8,-0.8999999999999915,-1,-1.5188619823971017,1.1411798826658424,0.3946952406968436
2013,5,2013-05-01,98.5,8348.84,5.498432467199321,97.9,0.5999999999999943,1,5.498432467199321,1.2589112125154815,0.4713816166298026
2013,6,2013-06-01,97.7,7959.22,-4.666756100248659,98.5,-0.7999999999999972,-1,4.666756100248659,1.3643290893247486,0.40271582527779404
2013,7,2013-07-01,98.9,8275.97,3.979661323597017,97.7,1.2000000000000028,1,3.979661323597017,1.4584213796551593,0.458539164456349
2013,8,2013-08-01,100.4,8103.15,-2.0882144328701058,98.9,1.5,1,-2.0882144328701058,1.4070842695844359,0.4280817391151084
2013,9,2013-09-01,100.9,8594.4,6.062457192573256,100.4,0.5,1,6.062457192573256,1.553012723017157,0.5146585832239174
2013,10,2013-10-01,99.8,9033.92,5.114027738992832,100.9,-1.1000000000000085,-1,-5.114027738992832,1.4224509441820437,0.5921186433210244
2013,11,2013-11-01,101.3,9405.3,4.110950727923202,99.8,1.5,1,4.110950727923202,1.5220367089054778,0.657569856278031
2013,12,2013-12-01,101.7,9552.16,1.5614600278566426,101.3,0.4000000000000057,1,1.5614600278566426,1.5614173040029082,0.6834521470176131
2014,1,2014-01-01,102.7,9306.48,-2.571983718865689,101.7,1.0,1,-2.571983718865689,1.495538067971745,0.6401540318814252
2014,2,2014-02-01,102.8,9692.08,4.143349580077538,102.7,0.09999999999999432,1,4.143349580077538,1.5989369340317272,0.708111347074009
2014,3,2014-03-01,101.8,9555.91,-1.4049615768751411,102.8,-1.0,-1,1.4049615768751411,1.63545099936209,0.6841130389573749
2014,4,2014-04-01,102.0,9603.23,0.4951909341967431,101.8,0.20000000000000284,1,0.4951909341967431,1.6485015137861287,0.692452614047917
2014,5,2014-05-01,100.6,9943.27,3.5408919707223596,102.0,-1.4000000000000057,-1,-3.5408919707223596,1.5547209363400154,0.7523805327670203
2014,6,2014-06-01,100.1,9833.07,-1.1082873139319438,100.6,-0.5,-1,1.1082873139319438,1.5830345843838356,0.7329591216305504
2014,7,2014-07-01,99.8,9407.48,-4.328149804689685,100.1,-0.29999999999999716,-1,4.328149804689685,1.694832190702912,0.6579540547923457
2014,8,2014-08-01,98.0,9470.17,0.666384621598981,99.8,-1.7999999999999972,-1,-0.666384621598981,1.6768742434061688,0.6690024056466586
2014,9,2014-09-01,97.0,9474.3,0.043610621562217844,98.0,-1.0,-1,-0.043610621562217844,1.6757068419101806,0.6697302679696495
2014,10,2014-10-01,95.9,9326.87,-1.5561044087689657,97.0,-1.0999999999999943,-1,1.5561044087689657,1.7173436340428778,0.643747521655224
2014,11,2014-11-01,95.9,9980.85,7.011784232009233,95.9,0.0,-1,-7.011784232009233,1.5268093615815528,0.7590035511926876
2014,12,2014-12-01,98.1,9805.55,-1.756363435979913,95.9,2.1999999999999886,1,-1.756363435979913,1.482429405857817,0.728109055981951
2015,1,2015-01-01,98.9,10694.32,9.06394847815779,98.1,0.8000000000000114,1,9.06394847815779,1.7074355282114082,0.884743970462534
2015,2,2015-02-01,99.5,11401.66,6.614165276520612,98.9,0.5999999999999943,1,6.614165276520612,1.8865097888025497,1.0094040517081826
2015,3,2015-03-01,99.6,11966.17,4.951121152533933,99.5,0.09999999999999432,1,4.951121152533933,2.0294243855259153,1.1088920807521805
2015,4,2015-04-01,100.0,11454.38,-4.276974169680026,99.6,0.4000000000000057,1,-4.276974169680026,1.899856687066984,1.018695311191982
2015,5,2015-05-01,100.2,11413.82,-0.35410035287810615,100.0,0.20000000000000284,1,-0.35410035287810615,1.8895882843051206,1.0115471039715174
2015,6,2015-06-01,100.1,10944.97,-4.107739564843326,100.2,-0.10000000000000853,-1,4.107739564843326,2.008285045520599,0.9289179877162193
2015,7,2015-07-01,98.7,11308.99,3.3259113547136288,100.1,-1.3999999999999915,-1,-3.3259113547136288,1.9082321516094773,0.9930720900927865
2015,8,2015-08-01,100.3,10259.46,-9.280492776101145,98.7,1.5999999999999943,1,-9.280492776101145,1.638333876867109,0.8081051787492373
2015,9,2015-09-01,99.2,9660.44,-5.838708859920494,100.3,-1.0999999999999943,-1,5.838708859920494,1.7923785106900332,0.7025351814809242
2015,10,2015-10-01,101.0,10850.14,12.315174050043254,99.2,1.7999999999999972,1,12.315174050043254,2.1362647844175164,0.9122053523435198
2015,11,2015-11-01,101.6,11382.23,4.903992022222758,101.0,0.5999999999999943,1,4.903992022222758,2.290066959241133,1.0059797502709626
2015,12,2015-12-01,100.8,10743.01,-5.615946962941354,101.6,-0.7999999999999972,-1,5.615946962941354,2.474835374717373,0.893324991408402
2016,1,2016-01-01,99.3,9798.11,-8.795486553582277,100.8,-1.5,-1,8.795486553582277,2.78046405285976,0.7267978463734632
2016,2,2016-02-01,97.6,9495.4,-3.0894733780290395,99.3,-1.7000000000000028,-1,3.0894733780290395,2.8972604833388194,0.6734488866173762
2016,3,2016-03-01,98.8,9965.51,4.950923605114066,97.6,1.2000000000000028,1,4.950923605114066,3.090210872561223,0.7563000625644345
2016,4,2016-04-01,99.9,10038.97,0.7371424041519026,98.8,1.1000000000000085,1,0.7371424041519026,3.1203615513221035,0.7692464950697433
2016,5,2016-05-01,99.4,10262.74,2.229013534256996,99.9,-0.5,-1,-2.229013534256996,3.0285181346828125,0.8086832388992153
2016,6,2016-06-01,99.0,9680.09,-5.677333733486378,99.4,-0.4000000000000057,-1,5.677333733486378,3.257230553702776,0.7059982552452762
2016,7,2016-07-01,100.1,10337.5,6.791362477001761,99.0,1.0999999999999943,1,6.791362477001761,3.546354512086401,0.8218587806103086
2016,8,2016-08-01,99.8,10592.69,2.4685852478839143,100.1,-0.29999999999999716,-1,-2.4685852478839143,3.4341238752845316,0.8668329177057323
2016,9,2016-09-01,101.0,10511.02,-0.7710033995141918,99.8,1.2000000000000028,1,-0.7710033995141918,3.399936629467417,0.8524395724469711
2016,10,2016-10-01,101.9,10665.01,1.4650338406738905,101.0,0.9000000000000057,1,1.4650338406738905,3.464397190057321,0.8795784390613539
2016,11,2016-11-01,101.0,10640.3,-0.23169223470020928,101.9,-0.9000000000000057,-1,0.23169223470020928,3.474740851672858,0.8752236017729493
2016,12,2016-12-01,100.2,11481.06,7.901656908169885,101.0,-0.7999999999999972,-1,-7.901656908169885,3.1211621820439497,1.0233973370460738
2017,1,2017-01-01,100.7,11535.31,0.4725173459593446,100.2,0.5,1,0.4725173459593446,3.1406353882092244,1.032958240441296
2017,2,2017-02-01,100.0,11834.41,2.592908209662337,100.7,-0.7000000000000028,-1,-2.592908209662337,3.033272513296163,1.0856709815567052
2017,3,2017-03-01,100.4,12312.87,4.04295609160068,100.0,0.4000000000000057,1,4.04295609160068,3.196335950063326,1.1699937435562995
2017,4,2017-04-01,102.2,12438.01,1.0163349405946764,100.4,1.7999999999999972,1,1.0163349405946764,3.2389847785485557,1.1920481481807808
2017,5,2017-05-01,101.0,12615.06,1.423459218958656,102.2,-1.2000000000000028,-1,-1.423459218958656,3.1786445589280525,1.2232510596300727
2017,6,2017-06-01,100.7,12325.12,-2.2983640188790067,101.0,-0.29999999999999716,-1,2.2983640188790067,3.2746850219473,1.172152657226189
2017,7,2017-07-01,101.0,12118.25,-1.6784420760203589,100.7,0.29999999999999716,1,-1.6784420760203589,3.202936909921596,1.1356943330719105
2017,8,2017-08-01,101.6,12055.84,-0.5150083551667906,101.0,0.5999999999999943,1,-0.5150083551667906,3.1812914336731106,1.1246953288157666
2017,9,2017-09-01,101.9,12828.86,6.41199617778605,101.6,0.30000000000001137,1,6.41199617778605,3.4493956805823256,1.2609307120890323
2017,10,2017-10-01,102.4,13229.57,3.123504348788586,101.9,0.5,1,3.123504348788586,3.5883727481601264,1.3315509812042299
2017,11,2017-11-01,103.4,13023.98,-1.5540187625145752,102.4,1.0,1,-1.5540187625145752,3.5170685747596124,1.2953182414987237
2017,12,2017-12-01,102.5,12917.64,-0.8164938828223001,103.4,-0.9000000000000057,-1,0.8164938828223001,3.553950163355413,1.2765771084655824
2018,1,2018-01-01,101.7,13189.48,2.104409164522303,102.5,-0.7999999999999972,-1,-2.104409164522303,3.4581164187699835,1.3244856057735488
2018,2,2018-02-01,100.6,12435.85,-5.71387196462635,101.7,-1.1000000000000085,-1,5.71387196462635,3.712847482972486,1.191667474423479
2018,3,2018-03-01,101.0,12096.73,-2.7269547316830067,100.6,0.4000000000000057,1,-2.7269547316830067,3.584330265538564,1.1319016945269307
2018,4,2018-04-01,100.6,12612.11,4.260490231657665,101.0,-0.4000000000000057,-1,-4.260490231657665,3.3890153223883672,1.2227311579707947
2018,5,2018-05-01,99.1,12604.89,-0.05724656698998798,100.6,-1.5,-1,0.05724656698998798,3.391527882985099,1.2214587206894394
2018,6,2018-06-01,97.6,12306.0,-2.371222596944511,99.1,-1.5,-1,2.371222596944511,3.495660784497561,1.168782989522657
2018,7,2018-07-01,97.5,12805.5,4.058995611896643,97.6,-0.09999999999999432,-1,-4.058995611896643,3.3131821105290467,1.2568137958989425
2018,8,2018-08-01,100.6,12364.06,-3.4472687517082545,97.5,3.0999999999999943,1,-3.4472687517082545,3.1644951314285086,1.1790153591286772
2018,9,2018-09-01,100.4,12246.73,-0.9489601312190343,100.6,-0.19999999999998863,-1,0.9489601312190343,3.204014529892323,1.1583373721174066
2018,10,2018-10-01,99.6,11447.51,-6.525986936921113,100.4,-0.8000000000000114,-1,6.525986936921113,3.478367968939361,1.0174845571583382
2018,11,2018-11-01,98.6,11257.24,-1.662108178983901,99.6,-1.0,-1,1.662108178983901,3.552803289236098,0.9839517813240723
2018,12,2018-12-01,97.3,10558.96,-6.2029413959372,98.6,-1.2999999999999972,-1,6.2029413959372,3.835211009139715,0.8608884150048879
2019,1,2019-01-01,94.5,11173.1,5.816292513656651,97.3,-2.799999999999997,-1,-5.816292513656651,3.553980993195619,0.9691231285743211
2019,2,2019-02-01,94.0,11515.64,3.065756146458898,94.5,-0.5,-1,-3.065756146458898,3.4143670409881546,1.029491641919932
2019,3,2019-03-01,95.8,11526.04,0.0903119583453682,94.0,1.7999999999999972,1,0.0903119583453682,3.4183537423114236,1.0313245155662054
2019,4,2019-04-01,97.0,12344.08,7.097320502097859,95.8,1.2000000000000028,1,7.097320502097859,3.7319384683197,1.1754941268736259
2019,5,2019-05-01,95.3,11726.84,-5.000291637772925,97.0,-1.7000000000000028,-1,5.000291637772925,3.968549191855651,1.0667130759673227
2019,6,2019-06-01,92.6,12398.8,5.730102909223622,95.3,-2.700000000000003,-1,-5.730102909223622,3.683846210066924,1.1851378620586313
2019,7,2019-07-01,91.2,12189.04,-1.6917766235442055,92.6,-1.3999999999999915,-1,1.6917766235442055,3.763086425331597,1.1481702105161098
2019,8,2019-08-01,91.0,11939.28,-2.0490539041630895,91.2,-0.20000000000000284,-1,2.0490539041630895,3.8606846336885168,1.1041530449494612
2019,9,2019-09-01,90.9,12428.08,4.094049222398666,91.0,-0.09999999999999432,-1,-4.094049222398666,3.6616858122397407,1.1902981063242923
2019,10,2019-10-01,92.0,12866.79,3.5299901513347276,90.9,1.0999999999999943,1,3.5299901513347276,3.8262428622979714,1.2676154137624107
2019,11,2019-11-01,92.4,13236.38,2.8724336062063482,92.0,0.4000000000000057,1,2.8724336062063482,3.9648734841917532,1.3327511609668372
2019,12,2019-12-01,94.0,13249.01,0.09541883808110718,92.4,1.5999999999999943,1,0.09541883808110718,3.969610908782566,1.3349770450199552
2020,1,2020-01-01,92.7,12981.97,-2.015546821988967,94.0,-1.2999999999999972,-1,2.015546821988967,4.06977574351975,1.2879144893948835
2020,2,2020-02-01,93.1,11890.35,-8.408739197517779,92.7,0.3999999999999915,1,-8.408739197517779,3.643471523348156,1.0955297269194473
2020,3,2020-03-01,80.1,9935.84,-16.437783580802922,93.1,-13.0,-1,16.437783580802922,4.406755322992338,0.7510710855370379
2020,4,2020-04-01,71.0,10861.64,9.317782895054671,80.1,-9.099999999999994,-1,-9.317782895054671,3.9029656003291002,0.9142320876254562
2020,5,2020-05-01,80.4,11586.85,6.676800188553478,71.0,9.400000000000006,1,6.676800188553478,4.230326816776586,1.0420415392613838
2020,6,2020-06-01,89.9,12310.93,6.2491531348036755,80.4,9.5,1,6.2491531348036755,4.557177949007657,1.1696518421261297
2020,7,2020-07-01,94.8,12313.36,0.019738557525705858,89.9,4.8999999999999915,1,0.019738557525705858,4.558274855773927,1.1700801001030952
2020,8,2020-08-01,96.6,12945.38,5.132798846131337,94.8,1.7999999999999972,1,5.132798846131337,4.8435699234359,1.2814659464413127
2020,9,2020-09-01,97.7,12760.73,-1.4263775957136793,96.6,1.1000000000000085,1,-1.4263775957136793,4.760218551258147,1.2489236273274367
2020,10,2020-10-01,95.4,11556.48,-9.437156024772875,97.7,-2.299999999999997,-1,9.437156024772875,5.30381936330829,1.0366891957385649
2020,11,2020-11-01,93.0,13291.16,15.01045300991306,95.4,-2.4000000000000057,-1,-15.01045300991306,4.3575875199490985,1.3424054704228783
2020,12,2020-12-01,94.7,13718.78,3.2173264034140114,93.0,1.7000000000000028,1,3.2173264034140114,4.529958597814435,1.4177683000978076
2021,1,2021-01-01,91.8,13432.87,-2.0840774471199364,94.7,-2.9000000000000057,-1,2.0840774471199364,4.645207217786555,1.367380136231854
2021,2,2021-02-01,94.5,13786.29,2.631008861099682,91.8,2.700000000000003,1,2.631008861099682,4.793733119913958,1.4296661173920278
2021,3,2021-03-01,99.1,15008.34,8.86424121355347,94.5,4.599999999999994,1,8.86424121355347,5.307303598932669,1.6450375827216361
2021,4,2021-04-01,97.8,15135.91,0.8499940699637554,99.1,-1.2999999999999972,-1,-0.8499940699637554,5.25369189236713,1.6675202453230829
2021,5,2021-05-01,100.8,15421.13,1.8843928115322983,97.8,3.0,1,1.8843928115322983,5.371536012842275,1.71778680507212
2021,6,2021-06-01,102.0,15531.04,0.7127233866778937,100.8,1.2000000000000028,1,0.7127233866778937,5.416947440096406,1.7371571072319147
2021,7,2021-07-01,100.9,15544.39,0.08595689664052664,102.0,-1.0999999999999943,-1,-0.08595689664052664,5.411431631217845,1.739509882537467
2021,8,2021-08-01,98.5,15835.09,1.8701280654950247,100.9,-2.4000000000000057,-1,-1.8701280654950247,5.291529648882415,1.79074222570781
2021,9,2021-09-01,99.2,15260.69,-3.6273870246395834,98.5,0.7000000000000028,1,-3.6273870246395834,5.063311518747502,1.689511204321347
2021,10,2021-10-01,97.0,15688.77,2.8051156271439837,99.2,-2.200000000000003,-1,-2.8051156271439837,4.893228619812695,1.7649551034075532
2021,11,2021-11-01,95.0,15100.13,-3.7519831063875686,97.0,-2.0,-1,3.7519831063875686,5.114341562048864,1.6612144550285008
2021,12,2021-12-01,93.4,15884.86,5.196842676188895,95.0,-1.5999999999999943,-1,-5.196842676188895,4.796588850384354,1.7995135835323297
2022,1,2022-01-01,95.7,15471.2,-2.604114861572593,93.4,2.299999999999997,1,-2.604114861572593,4.645639018667235,1.726611034251821
2022,2,2022-02-01,98.3,14461.02,-6.529422410672736,95.7,2.5999999999999943,1,-6.529422410672736,4.2770113993566925,1.548579082329507
2022,3,2022-03-01,83.2,14414.75,-0.31996359869497226,98.3,-15.099999999999994,-1,0.31996359869497226,4.293895914933618,1.540424556982098
2022,4,2022-04-01,85.5,14097.88,-2.1982344473542748,83.2,2.299999999999997,1,-2.1982344473542748,4.177523671324466,1.4845800692614701
2022,5,2022-05-01,85.4,14388.35,2.0603807097237414,85.5,-0.09999999999999432,-1,-2.0603807097237414,4.070846972359116,1.5357718777261744
2022,6,2022-06-01,85.1,12783.77,-11.151938895008806,85.4,-0.30000000000001137,-1,11.151938895008806,4.636344728176009,1.2529841474053338
2022,7,2022-07-01,80.4,13484.05,5.477883284821283,85.1,-4.699999999999989,-1,-5.477883284821283,4.32759234243635,1.3763999894257237
2022,8,2022-08-01,81.3,12834.96,-4.813761444076525,80.4,0.8999999999999915,1,-4.813761444076525,4.071134756358576,1.2620057629777097
2022,9,2022-09-01,77.4,12114.36,-5.614353297556041,81.3,-3.8999999999999915,-1,5.614353297556041,4.355846177775704,1.135008767833063
2022,10,2022-10-01,77.0,13253.74,9.405201760555236,77.4,-0.4000000000000057,-1,-9.405201760555236,3.8521180387709135,1.3358106500533067
2022,11,2022-11-01,80.8,14397.04,8.626244365741309,77.0,3.799999999999997,1,8.626244365741309,4.270673597709507,1.5373033846479154
2022,12,2022-12-01,84.5,13923.59,-3.2885231964348227,80.8,3.700000000000003,1,-3.2885231964348227,4.097346273840464,1.453863574279843
2023,1,2023-01-01,86.6,15128.27,8.652078953775577,84.5,2.0999999999999943,1,8.652078953775577,4.538372698000479,1.6661737881444743
2023,2,2023-02-01,88.2,15365.14,1.565744133334479,86.6,1.6000000000000085,1,1.565744133334479,4.625089443601619,1.707919247816848
2023,3,2023-03-01,89.8,15628.84,1.716222566146497,88.2,1.5999999999999943,1,1.716222566146497,4.721628497998635,1.7543931690209051
2023,4,2023-04-01,90.7,15922.38,1.8781944149405705,89.8,0.9000000000000057,1,1.8781944149405705,4.829091804891694,1.8061260276869602
2023,5,2023-05-01,87.2,15664.02,-1.6226217437342871,90.7,-3.5,-1,1.6226217437342871,4.9236759159801,1.7605932166051241
2023,6,2023-06-01,83.0,16147.9,3.089117608378933,87.2,-4.200000000000003,-1,-3.089117608378933,4.740686600196256,1.8458711877549874
2023,7,2023-07-01,83.6,16446.83,1.8512004656952463,83.0,0.5999999999999943,1,1.8512004656952463,4.846958217273194,1.8985539684357944
2023,8,2023-08-01,82.8,15947.08,-3.0385794709375746,83.6,-0.7999999999999972,-1,3.0385794709375746,5.024622689337555,1.810479102596858
2023,9,2023-09-01,83.7,15386.58,-3.5147500357432193,82.8,0.9000000000000057,1,-3.5147500357432193,4.81287226121067,1.711697787333779
2023,10,2023-10-01,84.8,14810.34,-3.745081753060131,83.7,1.0999999999999943,1,-3.745081753060131,4.595175442827375,1.6101424883022064
2023,11,2023-11-01,85.2,16215.43,9.487223115742104,84.8,0.4000000000000057,1,9.487223115742104,5.12600222080562,1.8577725298062195
2023,12,2023-12-01,85.1,16751.64,3.3067886574700722,85.2,-0.10000000000000853,-1,-3.3067886574700722,4.923428274211655,1.9522730276781473
2024,1,2024-01-01,84.3,16903.76,0.9080901929602092,85.1,-0.7999999999999972,-1,-0.9080901929602092,4.869638202966507,1.9790823295119018
2024,2,2024-02-01,84.8,17678.19,4.58140674027554,84.3,0.5,1,4.58140674027554,5.138550203227003,2.1155662081545175
2024,3,2024-03-01,87.3,18492.49,4.6062407972762065,84.8,2.5,1,4.6062407972762065,5.421306607049327,2.2590766899006822
2024,4,2024-04-01,89.3,17932.17,-3.029986767601356,87.3,2.0,1,-3.029986767601356,5.226741866548621,2.160327097450711
2024,5,2024-05-01,89.4,18497.94,3.1550559692441027,89.3,0.10000000000000853,1,3.1550559692441027,5.423199057498585,2.2600371861864685
2024,6,2024-06-01,88.1,18235.45,-1.4190228749795808,89.4,-1.3000000000000114,-1,1.4190228749795808,5.514345721429962,2.213776512781642
2024,7,2024-07-01,86.9,18508.65,1.4981807413581905,88.1,-1.1999999999999886,-1,-1.4981807413581905,5.416749048406007,2.2619246935664292
2024,8,2024-08-01,86.6,18906.92,2.15180469672287,86.9,-0.30000000000001137,-1,-2.15180469672287,5.278673141005486,2.3321149423261547
2024,9,2024-09-01,86.7,19324.93,2.210883634140326,86.6,0.10000000000000853,1,2.210883634140326,5.417487297921141,2.405784126256788
2024,10,2024-10-01,87.3,19077.54,-1.2801598763876432,86.7,0.5999999999999943,1,-1.2801598763876432,5.33533320046088,2.362184644396069
2024,11,2024-11-01,87.1,19626.45,2.8772577596482662,87.3,-0.20000000000000284,-1,-2.8772577596482662,5.153049334351047,2.4589233629706575
2024,12,2024-12-01,84.8,19909.14,1.4403521778008743,87.1,-2.299999999999997,-1,-1.4403521778008743,5.064423754262559,2.5087440409576685
2025,1,2025-01-01,84.7,21732.05,9.156146372972419,84.8,-0.09999999999999432,-1,-9.156146372972419,4.5091562386449695,2.8300097812006997
2025,2,2025-02-01,85.8,22551.43,3.770376011466947,84.7,1.0999999999999943,1,3.770376011466947,4.716872143901075,2.9744155512279287
2025,3,2025-03-01,87.7,22163.49,-1.720245678433685,85.8,1.9000000000000057,1,-1.720245678433685,4.618527897904037,2.9060458394649338
2025,4,2025-04-01,87.3,22496.98,1.5046817987600214,87.7,-0.4000000000000057,-1,-1.5046817987600214,4.53398693126602,2.9648194002625856
2025,5,2025-05-01,88.8,23997.48,6.6697841221355025,87.3,1.5,1,6.6697841221355025,4.903091912928655,3.229264295092648
2025,6,2025-06-01,90.3,23909.61,-0.36616344716194904,88.8,1.5,1,-0.36616344716194904,4.881476948091137,3.2137782751601467
2025,7,2025-07-01,90.7,24065.47,0.6518717787534101,90.3,0.4000000000000057,1,0.6518717787534101,4.919816636489631,3.241246706555158
2025,8,2025-08-01,91.4,23902.21,-0.6783993830164259,90.7,0.7000000000000028,1,-0.6783993830164259,4.879656636951982,3.2124741150656835
2025,9,2025-09-01,89.7,23880.72,-0.08990800432260304,91.4,-1.7000000000000028,-1,0.08990800432260304,4.884942918895287,3.208686763656222
2025,10,2025-10-01,91.6,23958.3,0.32486457694742565,89.7,1.8999999999999915,1,0.32486457694742565,4.9040610138123535,3.222359296106016
2025,11,2025-11-01,90.5,23836.79,-0.5071728795448704,91.6,-1.0999999999999943,-1,0.5071728795448704,4.934004810066192,3.2009446348792245
2025,12,2025-12-01,89.7,24490.41,2.742063843327891,90.5,-0.7999999999999972,-1,-2.742063843327891,4.7712906097080285,3.3161372187904705
2026,1,2026-01-01,89.8,24538.81,0.1976283778017729,89.7,0.09999999999999432,1,0.1976283778017729,4.78269631771822,3.3246671307596642
2026,2,2026-02-01,90.4,25284.26,3.037840873294173,89.8,0.6000000000000085,1,3.037840873294173,4.958365430036341,3.4560436364918
2026,3,2026-03-01,85.9,22680.04,-10.299767523352465,90.4,-4.5,-1,10.299767523352465,5.572063217521885,2.9970815011940033
2026,4,2026-04-01,83.5,24292.38,7.10907035437327,85.9,-2.4000000000000057,-1,-7.10907035437327,5.104850619654367,3.2812368372355243
2026,5,2026-05-01,83.9,25104.7,3.343929248595656,83.5,0.4000000000000057,1,3.343929248595656,5.308992505108062,3.4243983680374948
2026,6,2026-06-01,84.1,24995.81,-0.433743482296145,83.9,0.19999999999998863,1,-0.433743482296145,5.281627661318604,3.405207828485315
